split,machine,condition,source_auc,target_auc,pauc,hmean
Dev,ToyCar,near_mean|all|ratio|1|updated,34.58,92.0,51.26315789473684,50.59431280178013
Dev,ToyCar,near_mean|all|ratio|4|updated,33.48,91.47999999999999,51.31578947368421,49.76188204801023
Dev,ToyCar,near_mean|all|off|0|updated,81.32000000000001,77.36,60.42105263157895,71.81466489180241
Dev,ToyCar,near_mean|all|subtractive|4|updated,48.96,91.32000000000001,57.05263157894736,61.34591012674625
Dev,ToyCar,near_mean|fps|ratio|1|updated,59.440000000000005,89.7,56.89473684210527,65.86418042831997
Dev,ToyCar,near_mean|fps|ratio|1|inherited,31.96,92.0,52.05263157894737,48.883818518308495
Dev,ToyCar,near_mean|fps|ratio|1|fixed,33.52,92.32000000000001,51.73684210526316,50.00549176674228
Dev,ToyCar,near_mean|fps|ratio|4|updated,49.7,89.5,54.68421052631579,60.50738717830496
Dev,ToyCar,near_mean|fps|ratio|4|inherited,29.98,91.60000000000001,52.26315789473684,47.313732470748924
Dev,ToyCar,near_mean|fps|ratio|4|fixed,30.42,91.24,52.0,47.57073369158468
Dev,ToyCar,near_mean|fps|off|0|updated,77.3,85.14,61.526315789473685,73.28659771003817
Dev,ToyCar,near_mean|fps|subtractive|4|updated,65.12,89.44,58.05263157894737,68.55153984760395
Dev,ToyCar,near_rdp4|all|ratio|1|updated,36.02,91.62,51.21052631578947,51.54263936066695
Dev,ToyCar,near_rdp4|all|ratio|4|updated,35.099999999999994,92.10000000000001,50.89473684210526,50.850742330616704
Dev,ToyCar,near_rdp4|all|off|0|updated,81.6,76.42,60.31578947368421,71.56507621621114
Dev,ToyCar,near_rdp4|all|subtractive|4|updated,52.68000000000001,91.8,57.10526315789474,63.30809754118132
Dev,ToyCar,near_rdp4|fps|ratio|1|updated,61.040000000000006,88.18,57.10526315789474,66.32082476557312
Dev,ToyCar,near_rdp4|fps|ratio|1|inherited,33.26,91.22,50.78947368421053,49.40892684417272
Dev,ToyCar,near_rdp4|fps|ratio|1|fixed,37.8,91.58,50.421052631578945,52.440743804846825
Dev,ToyCar,near_rdp4|fps|ratio|4|updated,52.5,89.28,56.315789473684205,62.49304082797325
Dev,ToyCar,near_rdp4|fps|ratio|4|inherited,32.4,91.84,51.21052631578947,48.955665802047434
Dev,ToyCar,near_rdp4|fps|ratio|4|fixed,35.08,91.62,51.89473684210526,51.115427472139096
Dev,ToyCar,near_rdp4|fps|off|0|updated,76.36,84.38,60.15789473684211,72.16754404796782
Dev,ToyCar,near_rdp4|fps|subtractive|4|updated,68.02,89.16,58.578947368421055,69.78638231434618
Dev,ToyCar,wiener_mean|all|ratio|1|updated,33.300000000000004,93.12,53.68421052631579,50.50818590226588
Dev,ToyCar,wiener_mean|all|ratio|4|updated,34.08,92.94,53.57894736842105,51.0495793300058
Dev,ToyCar,wiener_mean|all|off|0|updated,80.92,79.17999999999999,61.473684210526315,72.71941109844289
Dev,ToyCar,wiener_mean|all|subtractive|4|updated,45.32,92.32000000000001,57.94736842105264,59.81547945720324
Dev,ToyCar,wiener_mean|fps|ratio|1|updated,57.42,90.06,57.15789473684211,65.19664283555085
Dev,ToyCar,wiener_mean|fps|ratio|1|inherited,32.4,93.17999999999999,54.68421052631579,50.09775031656327
Dev,ToyCar,wiener_mean|fps|ratio|1|fixed,35.38,93.02,54.21052631578947,52.208838984942176
Dev,ToyCar,wiener_mean|fps|ratio|4|updated,51.0,91.14,57.00000000000001,62.339173278369145
Dev,ToyCar,wiener_mean|fps|ratio|4|inherited,32.0,93.44,54.736842105263165,49.81627296587927
Dev,ToyCar,wiener_mean|fps|ratio|4|fixed,34.599999999999994,92.94,54.63157894736842,51.75465928477162
Dev,ToyCar,wiener_mean|fps|off|0|updated,74.18,85.58,62.68421052631579,72.95954695357425
Dev,ToyCar,wiener_mean|fps|subtractive|4|updated,61.8,90.56,60.05263157894737,68.37498965301782
Dev,ToyCar,wiener_rdp4|all|ratio|1|updated,33.739999999999995,93.4,52.68421052631579,50.56798936748314
Dev,ToyCar,wiener_rdp4|all|ratio|4|updated,34.8,93.06,53.26315789473684,51.496760937108945
Dev,ToyCar,wiener_rdp4|all|off|0|updated,82.98,77.5,61.473684210526315,72.7776511924654
Dev,ToyCar,wiener_rdp4|all|subtractive|4|updated,48.0,92.66,58.10526315789474,61.430568566693076
Dev,ToyCar,wiener_rdp4|fps|ratio|1|updated,55.559999999999995,90.84,55.63157894736842,63.85379550715465
Dev,ToyCar,wiener_rdp4|fps|ratio|1|inherited,30.4,93.36,51.578947368421055,47.62379691479806
Dev,ToyCar,wiener_rdp4|fps|ratio|1|fixed,32.72,93.54,51.0,49.2928092379355
Dev,ToyCar,wiener_rdp4|fps|ratio|4|updated,50.7,91.67999999999999,56.78947368421052,62.18871004868727
Dev,ToyCar,wiener_rdp4|fps|ratio|4|inherited,30.659999999999997,93.47999999999999,52.21052631578947,48.025751605722036
Dev,ToyCar,wiener_rdp4|fps|ratio|4|fixed,33.18,93.44,52.05263157894737,49.95668996573189
Dev,ToyCar,wiener_rdp4|fps|off|0|updated,77.46,84.24000000000001,64.36842105263159,74.41158582022209
Dev,ToyCar,wiener_rdp4|fps|subtractive|4|updated,66.75999999999999,90.16,61.78947368421053,70.99850842886232
Dev,ToyCar,wiener_rdp4|fps64|ratio|1|updated,66.4,77.75999999999999,57.263157894736835,66.10323418928378
Dev,ToyCar,wiener_rdp4|fps64|ratio|1|inherited,28.28,86.04,51.94736842105263,45.294345270974915
Dev,ToyCar,wiener_rdp4|fps64|ratio|1|fixed,33.58,86.64,52.526315789473685,49.702019978672226
Dev,ToyCar,wiener_rdp4|fps64|ratio|4|updated,55.64,80.47999999999999,57.36842105263158,62.723030682209426
Dev,ToyCar,wiener_rdp4|fps64|ratio|4|inherited,28.599999999999998,86.82,51.94736842105263,45.63891863070674
Dev,ToyCar,wiener_rdp4|fps64|ratio|4|fixed,33.900000000000006,86.98,51.578947368421055,49.682712934955134
Dev,ToyCar,wiener_rdp4|fps256|ratio|1|updated,44.66,93.14,55.52631578947368,58.66547078952398
Dev,ToyCar,wiener_rdp4|fps256|ratio|1|inherited,33.06,93.4,53.1578947368421,50.1952988804143
Dev,ToyCar,wiener_rdp4|fps256|ratio|1|fixed,33.86,93.08,52.73684210526316,50.642403054752194
Dev,ToyCar,wiener_rdp4|fps256|ratio|4|updated,42.18,92.34,54.89473684210526,56.867570350651334
Dev,ToyCar,wiener_rdp4|fps256|ratio|4|inherited,33.46,93.0,54.26315789473685,50.78906765490221
Dev,ToyCar,wiener_rdp4|fps256|ratio|4|fixed,35.02,92.78,53.21052631578947,51.611508889512756
Dev,ToyCar,wiener_rdp4|random_20260613|ratio|1|updated,44.86,91.92,54.52631578947369,58.24070286254798
Dev,ToyCar,wiener_rdp4|random_20260613|ratio|4|updated,43.0,92.0,55.421052631578945,57.50534467763979
Dev,ToyCar,wiener_rdp4|random_20260614|ratio|1|updated,41.38,91.62,54.10526315789473,56.00839209225084
Dev,ToyCar,wiener_rdp4|random_20260614|ratio|4|updated,41.94,92.44,54.94736842105263,56.75299372588349
Dev,ToyCar,wiener_rdp4|random_20260615|ratio|1|updated,49.0,93.10000000000001,54.89473684210526,60.77058995327103
Dev,ToyCar,wiener_rdp4|random_20260615|ratio|4|updated,44.56,92.96,52.89473684210526,57.57666792599583
Dev,ToyCar,residual_mean|all|ratio|1|updated,36.6,91.24,53.73684210526316,52.731754248438044
Dev,ToyCar,residual_mean|all|ratio|4|updated,36.26,91.72,54.1578947368421,52.68160320904105
Dev,ToyCar,residual_mean|all|off|0|updated,80.88,79.86,60.68421052631579,72.52567688159667
Dev,ToyCar,residual_mean|all|subtractive|4|updated,50.13999999999999,92.06,57.05263157894736,62.06770794466594
Dev,ToyCar,residual_mean|fps|ratio|1|updated,56.34,89.14,57.05263157894736,64.5225641831101
Dev,ToyCar,residual_mean|fps|ratio|1|inherited,34.54,90.9,52.73684210526316,50.920718094266135
Dev,ToyCar,residual_mean|fps|ratio|1|fixed,40.92,91.2,53.57894736842105,55.48682680194249
Dev,ToyCar,residual_mean|fps|ratio|4|updated,46.5,89.62,56.94736842105264,59.73278670231723
Dev,ToyCar,residual_mean|fps|ratio|4|inherited,34.160000000000004,91.75999999999999,54.10526315789473,51.14697978034379
Dev,ToyCar,residual_mean|fps|ratio|4|fixed,36.38,91.02,53.68421052631579,52.537860714036015
Dev,ToyCar,residual_mean|fps|off|0|updated,73.82,87.36,60.26315789473684,72.1375161234275
Dev,ToyCar,residual_mean|fps|subtractive|4|updated,62.86000000000001,90.16,58.15789473684211,67.88200954782205
Dev,ToyCar,residual_rdp4|all|ratio|1|updated,39.14,90.25999999999999,53.68421052631579,54.292878195332975
Dev,ToyCar,residual_rdp4|all|ratio|4|updated,38.22,90.98,54.473684210526315,54.04117522555064
Dev,ToyCar,residual_rdp4|all|off|0|updated,79.86,77.94,59.36842105263158,71.09633600755706
Dev,ToyCar,residual_rdp4|all|subtractive|4|updated,51.1,91.47999999999999,55.84210526315789,61.972642447929175
Dev,ToyCar,residual_rdp4|fps|ratio|1|updated,55.779999999999994,86.56,56.21052631578948,63.464508477460825
Dev,ToyCar,residual_rdp4|fps|ratio|1|inherited,36.84,90.0,54.421052631578945,52.97474269241514
Dev,ToyCar,residual_rdp4|fps|ratio|1|fixed,41.0,89.44,54.05263157894738,55.482184945621505
Dev,ToyCar,residual_rdp4|fps|ratio|4|updated,47.86,87.92,55.684210526315795,59.72923137588455
Dev,ToyCar,residual_rdp4|fps|ratio|4|inherited,36.120000000000005,90.78,54.421052631578945,52.561149963480055
Dev,ToyCar,residual_rdp4|fps|ratio|4|fixed,39.019999999999996,89.94,53.63157894736842,54.15931076590691
Dev,ToyCar,residual_rdp4|fps|off|0|updated,69.74000000000001,86.04,59.05263157894737,69.93737204776865
Dev,ToyCar,residual_rdp4|fps|subtractive|4|updated,62.580000000000005,88.82,57.52631578947368,67.23198264671176
Dev,ToyCar,crossover|wiener_mean|wiener_mean,57.42,90.06,57.15789473684211,65.19664283555085
Dev,ToyCar,crossover|wiener_mean|wiener_rdp4,60.08,90.10000000000001,57.94736842105264,66.6662337445596
Dev,ToyCar,crossover|wiener_rdp4|wiener_mean,53.059999999999995,91.53999999999999,54.736842105263165,62.44795264354994
Dev,ToyCar,crossover|wiener_rdp4|wiener_rdp4,55.559999999999995,90.84,55.63157894736842,63.85379550715465
Dev,ToyCarEmu,near_mean|all|ratio|1|updated,37.1,91.44,51.63157894736842,52.394148222583816
Dev,ToyCarEmu,near_mean|all|ratio|4|updated,33.82,92.36,50.89473684210526,49.96344524035754
Dev,ToyCarEmu,near_mean|all|off|0|updated,64.94,78.14,51.26315789473684,62.88838897005512
Dev,ToyCarEmu,near_mean|all|subtractive|4|updated,53.839999999999996,91.28,51.94736842105263,61.50174099717955
Dev,ToyCarEmu,near_mean|fps|ratio|1|updated,56.599999999999994,91.5,52.421052631578945,62.92855461034612
Dev,ToyCarEmu,near_mean|fps|ratio|1|inherited,30.48,90.4,50.63157894736842,47.15434113559302
Dev,ToyCarEmu,near_mean|fps|ratio|1|fixed,38.7,92.02,51.84210526315789,53.57493374478046
Dev,ToyCarEmu,near_mean|fps|ratio|4|updated,58.26,92.08,52.10526315789473,63.53714310806098
Dev,ToyCarEmu,near_mean|fps|ratio|4|inherited,27.66,93.22,50.21052631578947,44.91236861933016
Dev,ToyCarEmu,near_mean|fps|ratio|4|fixed,37.08,92.96,50.63157894736842,52.195198686840996
Dev,ToyCarEmu,near_mean|fps|off|0|updated,62.38,84.78,51.05263157894737,63.27292800098721
Dev,ToyCarEmu,near_mean|fps|subtractive|4|updated,61.0,90.44,51.73684210526316,64.13122721883808
Dev,ToyCarEmu,near_rdp4|all|ratio|1|updated,37.64,91.08000000000001,51.89473684210526,52.80145411578301
Dev,ToyCarEmu,near_rdp4|all|ratio|4|updated,34.1,92.62,51.21052631578947,50.29375518099254
Dev,ToyCarEmu,near_rdp4|all|off|0|updated,65.56,76.8,51.63157894736842,62.96961115706833
Dev,ToyCarEmu,near_rdp4|all|subtractive|4|updated,54.44,91.16,52.421052631578945,61.96442697310769
Dev,ToyCarEmu,near_rdp4|fps|ratio|1|updated,56.379999999999995,91.24,53.368421052631575,63.24502121761502
Dev,ToyCarEmu,near_rdp4|fps|ratio|1|inherited,30.680000000000003,90.62,51.578947368421055,47.60592137190966
Dev,ToyCarEmu,near_rdp4|fps|ratio|1|fixed,41.660000000000004,92.12,52.84210526315789,55.77913755631564
Dev,ToyCarEmu,near_rdp4|fps|ratio|4|updated,57.66,91.60000000000001,53.26315789473684,63.782588710384935
Dev,ToyCarEmu,near_rdp4|fps|ratio|4|inherited,28.7,92.62,50.78947368421053,45.92132255376413
Dev,ToyCarEmu,near_rdp4|fps|ratio|4|fixed,39.42,92.56,50.94736842105263,53.76369551590945
Dev,ToyCarEmu,near_rdp4|fps|off|0|updated,62.06,84.36,51.68421052631579,63.40394653992219
Dev,ToyCarEmu,near_rdp4|fps|subtractive|4|updated,59.8,89.8,52.21052631578947,63.81418494520471
Dev,ToyCarEmu,wiener_mean|all|ratio|1|updated,37.8,90.25999999999999,50.578947368421055,52.351267243085
Dev,ToyCarEmu,wiener_mean|all|ratio|4|updated,35.5,91.75999999999999,50.8421052631579,51.07622204062129
Dev,ToyCarEmu,wiener_mean|all|off|0|updated,63.85999999999999,73.56,50.526315789473685,61.16798301452748
Dev,ToyCarEmu,wiener_mean|all|subtractive|4|updated,56.58,88.7,51.578947368421055,62.06579539496359
Dev,ToyCarEmu,wiener_mean|fps|ratio|1|updated,47.56,88.88000000000001,51.73684210526316,58.13301924981611
Dev,ToyCarEmu,wiener_mean|fps|ratio|1|inherited,27.779999999999998,90.8,50.578947368421055,44.92268274664922
Dev,ToyCarEmu,wiener_mean|fps|ratio|1|fixed,37.8,90.46,50.89473684210526,52.48606057853393
Dev,ToyCarEmu,wiener_mean|fps|ratio|4|updated,58.160000000000004,90.24,51.21052631578947,62.75790443371944
Dev,ToyCarEmu,wiener_mean|fps|ratio|4|inherited,26.419999999999998,92.34,50.89473684210526,43.90583135078959
Dev,ToyCarEmu,wiener_mean|fps|ratio|4|fixed,39.519999999999996,92.14,50.526315789473685,53.62087458376658
Dev,ToyCarEmu,wiener_mean|fps|off|0|updated,59.06,83.44,50.78947368421053,61.721140372260706
Dev,ToyCarEmu,wiener_mean|fps|subtractive|4|updated,55.46,88.34,51.1578947368421,61.351902885223296
Dev,ToyCarEmu,wiener_rdp4|all|ratio|1|updated,39.12,90.75999999999999,51.26315789473684,53.4877310838192
Dev,ToyCarEmu,wiener_rdp4|all|ratio|4|updated,36.18,92.92,51.26315789473684,51.80567604885977
Dev,ToyCarEmu,wiener_rdp4|all|off|0|updated,65.42,73.04,51.0,61.74768601274987
Dev,ToyCarEmu,wiener_rdp4|all|subtractive|4|updated,57.86,88.74,51.84210526315789,62.70730958325144
Dev,ToyCarEmu,wiener_rdp4|fps|ratio|1|updated,58.14,88.44,52.0,62.84337029523582
Dev,ToyCarEmu,wiener_rdp4|fps|ratio|1|inherited,29.099999999999998,91.47999999999999,51.26315789473684,46.29429653864408
Dev,ToyCarEmu,wiener_rdp4|fps|ratio|1|fixed,39.96,90.74,51.0,53.9050950562894
Dev,ToyCarEmu,wiener_rdp4|fps|ratio|4|updated,64.88000000000001,90.38000000000001,51.368421052631575,65.29591933391096
Dev,ToyCarEmu,wiener_rdp4|fps|ratio|4|inherited,27.42,92.72,51.0,44.868043388410875
Dev,ToyCarEmu,wiener_rdp4|fps|ratio|4|fixed,43.6,92.58,50.473684210526315,56.022876291527034
Dev,ToyCarEmu,wiener_rdp4|fps|off|0|updated,61.22,82.94,51.05263157894737,62.527266221255374
Dev,ToyCarEmu,wiener_rdp4|fps|subtractive|4|updated,58.660000000000004,88.52,51.1578947368421,62.64146673159697
Dev,ToyCarEmu,wiener_rdp4|fps64|ratio|1|updated,64.66,85.56,51.0,64.15594571448113
Dev,ToyCarEmu,wiener_rdp4|fps64|ratio|1|inherited,26.26,90.92,51.473684210526315,43.79126421634451
Dev,ToyCarEmu,wiener_rdp4|fps64|ratio|1|fixed,37.96,88.94,52.0,52.80033280125447
Dev,ToyCarEmu,wiener_rdp4|fps64|ratio|4|updated,67.17999999999999,85.7,50.8421052631579,64.90313168168296
Dev,ToyCarEmu,wiener_rdp4|fps64|ratio|4|inherited,25.22,91.0,51.473684210526315,42.815865652469334
Dev,ToyCarEmu,wiener_rdp4|fps64|ratio|4|fixed,40.72,90.08,50.89473684210526,54.242096035644074
Dev,ToyCarEmu,wiener_rdp4|fps256|ratio|1|updated,47.18,90.82000000000001,51.10526315789473,57.94451275039775
Dev,ToyCarEmu,wiener_rdp4|fps256|ratio|1|inherited,33.96,91.10000000000001,51.368421052631575,50.09135907400625
Dev,ToyCarEmu,wiener_rdp4|fps256|ratio|1|fixed,41.28,90.32,51.26315789473684,54.740791619248554
Dev,ToyCarEmu,wiener_rdp4|fps256|ratio|4|updated,50.62,91.52,51.26315789473684,59.774294869376895
Dev,ToyCarEmu,wiener_rdp4|fps256|ratio|4|inherited,29.9,92.47999999999999,50.63157894736842,46.868786522248215
Dev,ToyCarEmu,wiener_rdp4|fps256|ratio|4|fixed,37.74,92.38,50.578947368421055,52.5458361404805
Dev,ToyCarEmu,wiener_rdp4|random_20260613|ratio|1|updated,47.24,89.74,51.78947368421053,58.11616764032873
Dev,ToyCarEmu,wiener_rdp4|random_20260613|ratio|4|updated,52.839999999999996,90.62,52.10526315789473,61.035072358627026
Dev,ToyCarEmu,wiener_rdp4|random_20260614|ratio|1|updated,44.62,80.4,52.1578947368421,55.53309694574402
Dev,ToyCarEmu,wiener_rdp4|random_20260614|ratio|4|updated,43.14,81.46,51.89473684210526,54.81846684776181
Dev,ToyCarEmu,wiener_rdp4|random_20260615|ratio|1|updated,40.699999999999996,94.08,51.31578947368421,54.85819035854193
Dev,ToyCarEmu,wiener_rdp4|random_20260615|ratio|4|updated,48.699999999999996,93.30000000000001,52.57894736842105,59.676537015517304
Dev,ToyCarEmu,residual_mean|all|ratio|1|updated,39.800000000000004,89.66,51.73684210526316,53.9495962659134
Dev,ToyCarEmu,residual_mean|all|ratio|4|updated,36.64,91.3,50.8421052631579,51.80075303241076
Dev,ToyCarEmu,residual_mean|all|off|0|updated,62.519999999999996,72.08,50.63157894736842,60.46086255448102
Dev,ToyCarEmu,residual_mean|all|subtractive|4|updated,54.279999999999994,89.03999999999999,51.368421052631575,61.07353537807047
Dev,ToyCarEmu,residual_mean|fps|ratio|1|updated,57.18,88.12,52.21052631578947,62.512997763419165
Dev,ToyCarEmu,residual_mean|fps|ratio|1|inherited,30.56,89.96,50.94736842105263,47.26890966750587
Dev,ToyCarEmu,residual_mean|fps|ratio|1|fixed,42.9,90.24,51.68421052631579,55.82449270307471
Dev,ToyCarEmu,residual_mean|fps|ratio|4|updated,57.49999999999999,89.88000000000001,52.1578947368421,62.90652947575958
Dev,ToyCarEmu,residual_mean|fps|ratio|4|inherited,28.96,91.62,50.8421052631579,46.07320298108991
Dev,ToyCarEmu,residual_mean|fps|ratio|4|fixed,41.72,90.84,50.68421052631579,54.83689167303483
Dev,ToyCarEmu,residual_mean|fps|off|0|updated,58.84,80.88,51.26315789473684,61.39184618088844
Dev,ToyCarEmu,residual_mean|fps|subtractive|4|updated,56.04,88.0,51.31578947368421,61.60769884821712
Dev,ToyCarEmu,residual_rdp4|all|ratio|1|updated,40.04,88.56,51.94736842105263,54.03744571590333
Dev,ToyCarEmu,residual_rdp4|all|ratio|4|updated,36.24,91.22,51.21052631578947,51.64972442675598
Dev,ToyCarEmu,residual_rdp4|all|off|0|updated,62.9,71.6,51.31578947368421,60.787919485261796
Dev,ToyCarEmu,residual_rdp4|all|subtractive|4|updated,54.52,88.8,51.78947368421053,61.334519876451196
Dev,ToyCarEmu,residual_rdp4|fps|ratio|1|updated,56.92,87.88,53.05263157894737,62.76560710603587
Dev,ToyCarEmu,residual_rdp4|fps|ratio|1|inherited,31.14,89.5,51.68421052631579,47.89693262914544
Dev,ToyCarEmu,residual_rdp4|fps|ratio|1|fixed,40.38,90.14,51.89473684210526,54.41844595075289
Dev,ToyCarEmu,residual_rdp4|fps|ratio|4|updated,57.8,89.58,52.21052631578947,63.00208733652579
Dev,ToyCarEmu,residual_rdp4|fps|ratio|4|inherited,28.18,91.78,51.526315789473685,45.60009328900568
Dev,ToyCarEmu,residual_rdp4|fps|ratio|4|fixed,40.38,91.34,51.421052631578945,54.387110320261165
Dev,ToyCarEmu,residual_rdp4|fps|off|0|updated,57.620000000000005,79.88,51.368421052631575,60.801267901550304
Dev,ToyCarEmu,residual_rdp4|fps|subtractive|4|updated,54.620000000000005,87.74,52.10526315789473,61.35277795335434
Dev,ToyCarEmu,crossover|wiener_mean|wiener_mean,47.56,88.88000000000001,51.73684210526316,58.13301924981611
Dev,ToyCarEmu,crossover|wiener_mean|wiener_rdp4,56.2,88.0,51.63157894736842,61.82351866781409
Dev,ToyCarEmu,crossover|wiener_rdp4|wiener_mean,48.699999999999996,89.75999999999999,52.57894736842105,59.17892801505894
Dev,ToyCarEmu,crossover|wiener_rdp4|wiener_rdp4,58.14,88.44,52.0,62.84337029523582
Dev,bearingEmu,near_mean|all|ratio|1|updated,65.0,61.53999999999999,60.73684210526316,62.37177331651992
Dev,bearingEmu,near_mean|all|ratio|4|updated,65.2,61.96,60.89473684210527,62.632247229687636
Dev,bearingEmu,near_mean|all|off|0|updated,62.4,61.58,59.526315789473685,61.14466190100983
Dev,bearingEmu,near_mean|all|subtractive|4|updated,65.5,62.480000000000004,60.631578947368425,62.80703116826323
Dev,bearingEmu,near_mean|fps|ratio|1|updated,65.02,67.52,62.36842105263158,64.90125878608048
Dev,bearingEmu,near_mean|fps|ratio|1|inherited,66.03999999999999,63.660000000000004,58.31578947368421,62.501557898032566
Dev,bearingEmu,near_mean|fps|ratio|1|fixed,64.72,65.38000000000001,59.473684210526315,63.07751288523249
Dev,bearingEmu,near_mean|fps|ratio|4|updated,66.7,65.32,62.0,64.61230717319386
Dev,bearingEmu,near_mean|fps|ratio|4|inherited,64.74,63.28,58.73684210526315,62.14490416801169
Dev,bearingEmu,near_mean|fps|ratio|4|fixed,66.24,64.5,60.36842105263158,63.60588588791269
Dev,bearingEmu,near_mean|fps|off|0|updated,61.86000000000001,61.38,60.21052631578947,61.14228653291616
Dev,bearingEmu,near_mean|fps|subtractive|4|updated,63.260000000000005,62.08,61.26315789473684,62.19028086479273
Dev,bearingEmu,near_rdp4|all|ratio|1|updated,65.06,61.160000000000004,61.421052631578945,62.49733635006667
Dev,bearingEmu,near_rdp4|all|ratio|4|updated,65.98,62.260000000000005,62.10526315789474,63.398837459490295
Dev,bearingEmu,near_rdp4|all|off|0|updated,62.28,62.08,59.78947368421053,61.362093059797374
Dev,bearingEmu,near_rdp4|all|subtractive|4|updated,65.72,62.78,61.1578947368421,63.1634443130788
Dev,bearingEmu,near_rdp4|fps|ratio|1|updated,63.519999999999996,64.02,62.473684210526315,63.331313953033906
Dev,bearingEmu,near_rdp4|fps|ratio|1|inherited,70.38,65.14,60.473684210526315,65.08121472844866
Dev,bearingEmu,near_rdp4|fps|ratio|1|fixed,66.02,66.84,59.78947368421053,64.05687782857962
Dev,bearingEmu,near_rdp4|fps|ratio|4|updated,66.2,63.32,63.10526315789473,64.17788062006522
Dev,bearingEmu,near_rdp4|fps|ratio|4|inherited,68.16,63.6,59.526315789473685,63.567504189898074
Dev,bearingEmu,near_rdp4|fps|ratio|4|fixed,65.68,65.42,61.1578947368421,64.0173457639319
Dev,bearingEmu,near_rdp4|fps|off|0|updated,61.31999999999999,59.38,60.473684210526315,60.38076292166831
Dev,bearingEmu,near_rdp4|fps|subtractive|4|updated,62.28,61.339999999999996,61.21052631578947,61.606507875082706
Dev,bearingEmu,wiener_mean|all|ratio|1|updated,73.02,69.86,64.26315789473685,68.85434256919393
Dev,bearingEmu,wiener_mean|all|ratio|4|updated,73.4,71.26,64.89473684210526,69.65944297044638
Dev,bearingEmu,wiener_mean|all|off|0|updated,68.17999999999999,64.34,61.0,64.37363315362596
Dev,bearingEmu,wiener_mean|all|subtractive|4|updated,72.1,69.0,63.10526315789473,67.85961160704127
Dev,bearingEmu,wiener_mean|fps|ratio|1|updated,71.39999999999999,70.42,66.36842105263158,69.32646063084778
Dev,bearingEmu,wiener_mean|fps|ratio|1|inherited,71.89999999999999,69.0,59.73684210526316,66.4583602169151
Dev,bearingEmu,wiener_mean|fps|ratio|1|fixed,76.4,71.54,64.57894736842105,70.50177220547523
Dev,bearingEmu,wiener_mean|fps|ratio|4|updated,70.82000000000001,70.36,65.05263157894737,68.64188402791918
Dev,bearingEmu,wiener_mean|fps|ratio|4|inherited,70.26,68.16,62.21052631578947,66.69829499310859
Dev,bearingEmu,wiener_mean|fps|ratio|4|fixed,73.08,69.62,64.0,68.69339197189976
Dev,bearingEmu,wiener_mean|fps|off|0|updated,65.68,65.66,61.36842105263158,64.17066553343054
Dev,bearingEmu,wiener_mean|fps|subtractive|4|updated,69.34,68.58,62.578947368421055,66.69183788966215
Dev,bearingEmu,wiener_rdp4|all|ratio|1|updated,73.04,71.6,64.26315789473685,69.4145188219943
Dev,bearingEmu,wiener_rdp4|all|ratio|4|updated,72.84,71.92,64.94736842105263,69.7185719063419
Dev,bearingEmu,wiener_rdp4|all|off|0|updated,67.47999999999999,64.52,60.42105263157895,64.00846837914476
Dev,bearingEmu,wiener_rdp4|all|subtractive|4|updated,71.12,69.5,62.36842105263158,67.44151437969398
Dev,bearingEmu,wiener_rdp4|fps|ratio|1|updated,70.96000000000001,68.67999999999999,62.31578947368421,67.11405897128337
Dev,bearingEmu,wiener_rdp4|fps|ratio|1|inherited,78.25999999999999,69.3,61.473684210526315,69.00508416597305
Dev,bearingEmu,wiener_rdp4|fps|ratio|1|fixed,76.62,70.3,63.94736842105263,69.90720138734699
Dev,bearingEmu,wiener_rdp4|fps|ratio|4|updated,73.08,67.7,62.05263157894737,67.30979664994585
Dev,bearingEmu,wiener_rdp4|fps|ratio|4|inherited,75.8,68.52000000000001,63.36842105263158,68.85847464224032
Dev,bearingEmu,wiener_rdp4|fps|ratio|4|fixed,70.66,65.48,62.63157894736842,66.09311967901267
Dev,bearingEmu,wiener_rdp4|fps|off|0|updated,67.62,63.42,60.10526315789474,63.56753897805688
Dev,bearingEmu,wiener_rdp4|fps|subtractive|4|updated,71.26,67.66,61.21052631578947,66.44524343384688
Dev,bearingEmu,wiener_rdp4|fps64|ratio|1|updated,70.66,63.519999999999996,62.63157894736842,65.41400572727248
Dev,bearingEmu,wiener_rdp4|fps64|ratio|1|inherited,75.53999999999999,65.62,59.42105263157895,66.2159155427298
Dev,bearingEmu,wiener_rdp4|fps64|ratio|1|fixed,70.0,63.580000000000005,62.89473684210527,65.3402419022931
Dev,bearingEmu,wiener_rdp4|fps64|ratio|4|updated,70.6,59.419999999999995,62.42105263157895,63.81092577824945
Dev,bearingEmu,wiener_rdp4|fps64|ratio|4|inherited,72.34,63.78,61.473684210526315,65.54564643732463
Dev,bearingEmu,wiener_rdp4|fps64|ratio|4|fixed,67.0,61.260000000000005,61.89473684210527,63.2835275796361
Dev,bearingEmu,wiener_rdp4|fps256|ratio|1|updated,73.1,69.92,64.36842105263159,68.9377546095447
Dev,bearingEmu,wiener_rdp4|fps256|ratio|1|inherited,74.28,68.72,62.26315789473684,68.06542524867879
Dev,bearingEmu,wiener_rdp4|fps256|ratio|1|fixed,72.48,67.12,62.0,66.92748953968953
Dev,bearingEmu,wiener_rdp4|fps256|ratio|4|updated,74.1,71.76,64.31578947368422,69.8016963429866
Dev,bearingEmu,wiener_rdp4|fps256|ratio|4|inherited,70.98,68.12,61.68421052631579,66.6962260864506
Dev,bearingEmu,wiener_rdp4|fps256|ratio|4|fixed,73.7,68.62,63.526315789473685,68.3635413924575
Dev,bearingEmu,wiener_rdp4|random_20260613|ratio|1|updated,71.98,71.8,62.63157894736842,68.51393771689453
Dev,bearingEmu,wiener_rdp4|random_20260613|ratio|4|updated,71.98,70.58,62.68421052631579,68.16005605253746
Dev,bearingEmu,wiener_rdp4|random_20260614|ratio|1|updated,72.6,74.18,59.42105263157894,68.05208691801721
Dev,bearingEmu,wiener_rdp4|random_20260614|ratio|4|updated,73.3,72.58,60.21052631578947,68.13713159221031
Dev,bearingEmu,wiener_rdp4|random_20260615|ratio|1|updated,64.03999999999999,67.78,57.47368421052632,62.80338942356012
Dev,bearingEmu,wiener_rdp4|random_20260615|ratio|4|updated,64.58,67.4,57.78947368421052,62.99125982752961
Dev,bearingEmu,residual_mean|all|ratio|1|updated,64.88000000000001,64.28,61.26315789473684,63.43429098595033
Dev,bearingEmu,residual_mean|all|ratio|4|updated,66.67999999999999,66.06,62.78947368421053,65.13103528780798
Dev,bearingEmu,residual_mean|all|off|0|updated,63.5,61.56,59.73684210526316,61.56064345880523
Dev,bearingEmu,residual_mean|all|subtractive|4|updated,67.04,66.44,60.578947368421055,64.55079675991668
Dev,bearingEmu,residual_mean|fps|ratio|1|updated,69.98,71.56,63.8421052631579,68.29399377595557
Dev,bearingEmu,residual_mean|fps|ratio|1|inherited,69.32000000000001,63.85999999999999,59.578947368421055,64.00743095001343
Dev,bearingEmu,residual_mean|fps|ratio|1|fixed,69.38,66.44,64.26315789473685,66.62881385266112
Dev,bearingEmu,residual_mean|fps|ratio|4|updated,70.76,69.69999999999999,64.31578947368422,68.13882579685784
Dev,bearingEmu,residual_mean|fps|ratio|4|inherited,70.02000000000001,66.12,61.1578947368421,65.56406913260763
Dev,bearingEmu,residual_mean|fps|ratio|4|fixed,69.69999999999999,68.62,63.631578947368425,67.21080473247616
Dev,bearingEmu,residual_mean|fps|off|0|updated,63.580000000000005,62.63999999999999,60.157894736842096,62.092031220276525
Dev,bearingEmu,residual_mean|fps|subtractive|4|updated,67.82000000000001,67.42,62.05263157894737,65.65606093323007
Dev,bearingEmu,residual_rdp4|all|ratio|1|updated,66.46,65.2,62.10526315789474,64.53588835798887
Dev,bearingEmu,residual_rdp4|all|ratio|4|updated,67.94,67.06,63.36842105263158,66.06238729344281
Dev,bearingEmu,residual_rdp4|all|off|0|updated,64.08,62.2,60.15789473684211,62.104619111355255
Dev,bearingEmu,residual_rdp4|all|subtractive|4|updated,67.24,66.88,60.73684210526316,64.81059988933504
Dev,bearingEmu,residual_rdp4|fps|ratio|1|updated,72.36,70.02000000000001,66.47368421052632,69.53301716595026
Dev,bearingEmu,residual_rdp4|fps|ratio|1|inherited,66.32000000000001,64.36,63.10526315789473,64.56813415584047
Dev,bearingEmu,residual_rdp4|fps|ratio|1|fixed,70.08,67.10000000000001,64.31578947368422,67.08285232636484
Dev,bearingEmu,residual_rdp4|fps|ratio|4|updated,73.24000000000001,72.26,66.89473684210526,70.68550633432079
Dev,bearingEmu,residual_rdp4|fps|ratio|4|inherited,67.82000000000001,66.5,63.36842105263158,65.84255507567644
Dev,bearingEmu,residual_rdp4|fps|ratio|4|fixed,71.22,71.96000000000001,64.8421052631579,69.18869153946954
Dev,bearingEmu,residual_rdp4|fps|off|0|updated,67.54,65.98,60.94736842105264,64.69735385407651
Dev,bearingEmu,residual_rdp4|fps|subtractive|4|updated,69.06,68.67999999999999,62.631578947368425,66.65655221653364
Dev,bearingEmu,crossover|wiener_mean|wiener_mean,71.39999999999999,70.42,66.36842105263158,69.32646063084778
Dev,bearingEmu,crossover|wiener_mean|wiener_rdp4,72.66,71.44,63.05263157894737,68.77538545710291
Dev,bearingEmu,crossover|wiener_rdp4|wiener_mean,69.62,67.9,65.47368421052632,67.62157193215104
Dev,bearingEmu,crossover|wiener_rdp4|wiener_rdp4,70.96000000000001,68.67999999999999,62.31578947368421,67.11405897128337
Dev,fan,near_mean|all|ratio|1|updated,59.08,48.42,51.63157894736842,52.68073239188888
Dev,fan,near_mean|all|ratio|4|updated,57.76,47.839999999999996,53.84210526315789,52.82726741252514
Dev,fan,near_mean|all|off|0|updated,56.10000000000001,45.379999999999995,52.31578947368421,50.86802957206413
Dev,fan,near_mean|all|subtractive|4|updated,56.44,47.58,52.473684210526315,51.90999702833622
Dev,fan,near_mean|fps|ratio|1|updated,55.74,49.34,51.63157894736842,52.10507905662166
Dev,fan,near_mean|fps|ratio|1|inherited,58.919999999999995,48.980000000000004,50.94736842105263,52.616106718640495
Dev,fan,near_mean|fps|ratio|1|fixed,56.58,49.78,51.31578947368421,52.402059596980344
Dev,fan,near_mean|fps|ratio|4|updated,55.00000000000001,49.38,51.578947368421055,51.8845442819594
Dev,fan,near_mean|fps|ratio|4|inherited,58.64,48.559999999999995,50.78947368421053,52.323689925666116
Dev,fan,near_mean|fps|ratio|4|fixed,53.98,50.7,52.05263157894737,52.20971508991589
Dev,fan,near_mean|fps|off|0|updated,56.64,50.2,52.368421052631575,52.93697575620615
Dev,fan,near_mean|fps|subtractive|4|updated,55.059999999999995,50.019999999999996,51.421052631578945,52.08216157581421
Dev,fan,near_rdp4|all|ratio|1|updated,58.699999999999996,49.480000000000004,52.31578947368421,53.22862747505217
Dev,fan,near_rdp4|all|ratio|4|updated,57.099999999999994,49.480000000000004,53.473684210526315,53.16876236817213
Dev,fan,near_rdp4|all|off|0|updated,56.76,46.6,52.63157894736842,51.65532205046445
Dev,fan,near_rdp4|all|subtractive|4|updated,56.66,48.76,53.05263157894737,52.625157607817165
Dev,fan,near_rdp4|fps|ratio|1|updated,58.660000000000004,51.44,50.368421052631575,53.24697792907597
Dev,fan,near_rdp4|fps|ratio|1|inherited,56.52,47.54,50.26315789473684,51.17440307368535
Dev,fan,near_rdp4|fps|ratio|1|fixed,54.22,50.44,50.73684210526316,51.743356408398554
Dev,fan,near_rdp4|fps|ratio|4|updated,58.18,51.080000000000005,51.0,53.216952190977665
Dev,fan,near_rdp4|fps|ratio|4|inherited,55.50000000000001,46.339999999999996,50.78947368421053,50.6015119633783
Dev,fan,near_rdp4|fps|ratio|4|fixed,56.49999999999999,47.160000000000004,49.26315789473684,50.673389500529694
Dev,fan,near_rdp4|fps|off|0|updated,59.8,50.56,53.0,54.18212540044777
Dev,fan,near_rdp4|fps|subtractive|4|updated,57.78,51.64,51.0,53.305185113361475
Dev,fan,wiener_mean|all|ratio|1|updated,83.16,60.4,57.15789473684211,65.10883030681048
Dev,fan,wiener_mean|all|ratio|4|updated,79.86,60.96,58.68421052631578,65.2649615616839
Dev,fan,wiener_mean|all|off|0|updated,87.58,51.739999999999995,53.05263157894737,60.49028024844577
Dev,fan,wiener_mean|all|subtractive|4|updated,89.25999999999999,57.26,54.89473684210526,63.98756754836478
Dev,fan,wiener_mean|fps|ratio|1|updated,69.52000000000001,59.0,54.78947368421052,60.50194416016078
Dev,fan,wiener_mean|fps|ratio|1|inherited,61.28,59.58,53.89473684210526,58.07495337916683
Dev,fan,wiener_mean|fps|ratio|1|fixed,60.28,59.8,54.315789473684205,58.00182449499071
Dev,fan,wiener_mean|fps|ratio|4|updated,68.38,57.74,55.47368421052632,60.03633296133998
Dev,fan,wiener_mean|fps|ratio|4|inherited,59.040000000000006,60.040000000000006,53.26315789473684,57.28696288860887
Dev,fan,wiener_mean|fps|ratio|4|fixed,63.72,60.28,59.0,60.93589927996683
Dev,fan,wiener_mean|fps|off|0|updated,84.86,55.400000000000006,53.63157894736842,61.880693330924885
Dev,fan,wiener_mean|fps|subtractive|4|updated,81.69999999999999,56.02,54.10526315789473,61.7625043119026
Dev,fan,wiener_rdp4|all|ratio|1|updated,82.38,60.3,57.89473684210527,65.22399330927912
Dev,fan,wiener_rdp4|all|ratio|4|updated,79.74,61.31999999999999,58.73684210526315,65.39689142991652
Dev,fan,wiener_rdp4|all|off|0|updated,86.94,51.66,53.1578947368421,60.39692492590294
Dev,fan,wiener_rdp4|all|subtractive|4|updated,88.52,57.42,55.52631578947369,64.20972383353131
Dev,fan,wiener_rdp4|fps|ratio|1|updated,74.06,61.58,57.42105263157895,63.61752191045977
Dev,fan,wiener_rdp4|fps|ratio|1|inherited,60.8,59.34,55.47368421052632,58.44993919574429
Dev,fan,wiener_rdp4|fps|ratio|1|fixed,68.16,57.879999999999995,55.47368421052632,60.029952480703244
Dev,fan,wiener_rdp4|fps|ratio|4|updated,70.58,61.24000000000001,56.15789473684211,62.10607723045045
Dev,fan,wiener_rdp4|fps|ratio|4|inherited,58.699999999999996,60.38,54.10526315789473,57.603641483817945
Dev,fan,wiener_rdp4|fps|ratio|4|fixed,64.72,61.68,57.8421052631579,61.28411161412327
Dev,fan,wiener_rdp4|fps|off|0|updated,87.36,55.44,54.421052631578945,62.68328820187641
Dev,fan,wiener_rdp4|fps|subtractive|4|updated,84.36,58.24,55.315789473684205,63.69114404656722
Dev,fan,wiener_rdp4|fps64|ratio|1|updated,57.64,51.459999999999994,53.84210526315789,54.19617775843252
Dev,fan,wiener_rdp4|fps64|ratio|1|inherited,50.54,55.279999999999994,50.8421052631579,52.133321612075804
Dev,fan,wiener_rdp4|fps64|ratio|1|fixed,50.7,52.92,53.526315789473685,52.3535425467546
Dev,fan,wiener_rdp4|fps64|ratio|4|updated,56.599999999999994,53.059999999999995,52.78947368421053,54.095377289623926
Dev,fan,wiener_rdp4|fps64|ratio|4|inherited,47.58,55.84,49.473684210526315,50.728538287285296
Dev,fan,wiener_rdp4|fps64|ratio|4|fixed,51.459999999999994,52.300000000000004,53.10526315789473,52.27978811630717
Dev,fan,wiener_rdp4|fps256|ratio|1|updated,76.84,61.0,59.05263157894737,64.73672932425231
Dev,fan,wiener_rdp4|fps256|ratio|1|inherited,74.03999999999999,58.81999999999999,57.42105263157895,62.60114216417243
Dev,fan,wiener_rdp4|fps256|ratio|1|fixed,75.3,58.379999999999995,56.42105263157895,62.32698172677272
Dev,fan,wiener_rdp4|fps256|ratio|4|updated,76.5,61.72,59.31578947368421,65.02934847555824
Dev,fan,wiener_rdp4|fps256|ratio|4|inherited,70.84,59.3,57.52631578947368,62.03079717102228
Dev,fan,wiener_rdp4|fps256|ratio|4|fixed,73.88,59.199999999999996,58.21052631578948,63.016765952757744
Dev,fan,wiener_rdp4|random_20260613|ratio|1|updated,64.96,62.08,56.10526315789473,60.81988135539813
Dev,fan,wiener_rdp4|random_20260613|ratio|4|updated,65.84,62.739999999999995,55.57894736842105,61.07547233932023
Dev,fan,wiener_rdp4|random_20260614|ratio|1|updated,69.67999999999999,63.800000000000004,56.315789473684205,62.784740756571736
Dev,fan,wiener_rdp4|random_20260614|ratio|4|updated,70.32000000000001,65.44,61.21052631578947,65.44654202723393
Dev,fan,wiener_rdp4|random_20260615|ratio|1|updated,81.36,60.81999999999999,52.57894736842105,62.82455293004422
Dev,fan,wiener_rdp4|random_20260615|ratio|4|updated,75.1,59.62,53.21052631578947,61.37260039826332
Dev,fan,residual_mean|all|ratio|1|updated,52.38,41.760000000000005,51.526315789473685,48.04214249720599
Dev,fan,residual_mean|all|ratio|4|updated,54.800000000000004,44.62,50.94736842105263,49.76135364506577
Dev,fan,residual_mean|all|off|0|updated,51.72,45.92,52.1578947368421,49.76408787991694
Dev,fan,residual_mean|all|subtractive|4|updated,50.22,43.919999999999995,51.421052631578945,48.28713972469574
Dev,fan,residual_mean|fps|ratio|1|updated,57.49999999999999,46.72,51.78947368421053,51.6312399540399
Dev,fan,residual_mean|fps|ratio|1|inherited,56.720000000000006,46.760000000000005,50.78947368421053,51.10263783132625
Dev,fan,residual_mean|fps|ratio|1|fixed,52.019999999999996,46.44,50.368421052631575,49.49658165085176
Dev,fan,residual_mean|fps|ratio|4|updated,55.800000000000004,48.480000000000004,52.10526315789473,51.95693289342456
Dev,fan,residual_mean|fps|ratio|4|inherited,57.4,48.18,50.63157894736842,51.78876428571262
Dev,fan,residual_mean|fps|ratio|4|fixed,53.459999999999994,51.68000000000001,50.578947368421055,51.879336520310645
Dev,fan,residual_mean|fps|off|0|updated,58.26,47.260000000000005,51.78947368421053,52.053582060265015
Dev,fan,residual_mean|fps|subtractive|4|updated,55.44,45.2,51.0,50.19302986125076
Dev,fan,residual_rdp4|all|ratio|1|updated,53.059999999999995,43.7,51.526315789473685,49.06976588715806
Dev,fan,residual_rdp4|all|ratio|4|updated,55.08,45.32,51.0,50.14327037421926
Dev,fan,residual_rdp4|all|off|0|updated,51.38,45.98,52.421052631578945,49.76137961700397
Dev,fan,residual_rdp4|all|subtractive|4|updated,50.019999999999996,44.16,51.84210526315789,48.4447062527293
Dev,fan,residual_rdp4|fps|ratio|1|updated,52.080000000000005,48.16,52.526315789473685,50.84450637732392
Dev,fan,residual_rdp4|fps|ratio|1|inherited,56.49999999999999,47.92,52.421052631578945,52.04399874321655
Dev,fan,residual_rdp4|fps|ratio|1|fixed,52.72,52.42,53.315789473684205,52.815979346275746
Dev,fan,residual_rdp4|fps|ratio|4|updated,55.32,50.36000000000001,52.63157894736842,52.69289280132197
Dev,fan,residual_rdp4|fps|ratio|4|inherited,54.879999999999995,48.199999999999996,52.68421052631579,51.76922956206098
Dev,fan,residual_rdp4|fps|ratio|4|fixed,52.900000000000006,51.38,53.21052631578947,52.48453783257381
Dev,fan,residual_rdp4|fps|off|0|updated,55.74,49.9,53.368421052631575,52.89308375388193
Dev,fan,residual_rdp4|fps|subtractive|4|updated,54.379999999999995,47.78,52.26315789473684,51.32389094618433
Dev,fan,crossover|wiener_mean|wiener_mean,69.52000000000001,59.0,54.78947368421052,60.50194416016078
Dev,fan,crossover|wiener_mean|wiener_rdp4,74.24,58.96,56.84210526315789,62.46997345871497
Dev,fan,crossover|wiener_rdp4|wiener_mean,70.52000000000001,60.260000000000005,54.473684210526315,61.05923317861103
Dev,fan,crossover|wiener_rdp4|wiener_rdp4,74.06,61.58,57.42105263157895,63.61752191045977
Dev,gearboxEmu,near_mean|all|ratio|1|updated,73.8,65.94,52.78947368421053,62.94770535233797
Dev,gearboxEmu,near_mean|all|ratio|4|updated,72.86,65.3,52.84210526315789,62.547965907142554
Dev,gearboxEmu,near_mean|all|off|0|updated,72.44,54.2,52.78947368421053,58.59617295687237
Dev,gearboxEmu,near_mean|all|subtractive|4|updated,73.16,68.8,53.26315789473684,63.85932735861962
Dev,gearboxEmu,near_mean|fps|ratio|1|updated,68.22,65.24,52.63157894736842,61.241390482350276
Dev,gearboxEmu,near_mean|fps|ratio|1|inherited,66.10000000000001,65.78,51.578947368421055,60.33966736440954
Dev,gearboxEmu,near_mean|fps|ratio|1|fixed,69.52000000000001,65.9,52.26315789473684,61.610758801725105
Dev,gearboxEmu,near_mean|fps|ratio|4|updated,69.17999999999999,64.46,53.21052631578947,61.52355007379149
Dev,gearboxEmu,near_mean|fps|ratio|4|inherited,66.34,66.34,51.94736842105263,60.731231797579824
Dev,gearboxEmu,near_mean|fps|ratio|4|fixed,71.32,66.53999999999999,52.68421052631579,62.459810197470375
Dev,gearboxEmu,near_mean|fps|off|0|updated,72.39999999999999,60.14000000000001,53.21052631578947,60.93437131857474
Dev,gearboxEmu,near_mean|fps|subtractive|4|updated,71.74000000000001,68.02,53.421052631578945,63.34460105887641
Dev,gearboxEmu,near_rdp4|all|ratio|1|updated,74.44,65.58,52.68421052631579,62.94162968536617
Dev,gearboxEmu,near_rdp4|all|ratio|4|updated,73.76,65.52,52.78947368421053,62.8099021177025
Dev,gearboxEmu,near_rdp4|all|off|0|updated,73.42,54.26,52.78947368421053,58.83135055032863
Dev,gearboxEmu,near_rdp4|all|subtractive|4|updated,73.36,68.82000000000001,53.368421052631575,63.96624078518174
Dev,gearboxEmu,near_rdp4|fps|ratio|1|updated,72.64,65.12,53.1578947368421,62.58518578095115
Dev,gearboxEmu,near_rdp4|fps|ratio|1|inherited,66.4,62.980000000000004,52.10526315789473,59.844145878144396
Dev,gearboxEmu,near_rdp4|fps|ratio|1|fixed,74.52,65.24,52.94736842105263,62.98033545964024
Dev,gearboxEmu,near_rdp4|fps|ratio|4|updated,71.22,63.46000000000001,53.421052631578945,61.832506103026795
Dev,gearboxEmu,near_rdp4|fps|ratio|4|inherited,67.4,64.28,52.368421052631575,60.61927311708589
Dev,gearboxEmu,near_rdp4|fps|ratio|4|fixed,74.22,65.18,53.26315789473684,63.03806887799331
Dev,gearboxEmu,near_rdp4|fps|off|0|updated,77.2,59.8,52.84210526315789,61.72829511365045
Dev,gearboxEmu,near_rdp4|fps|subtractive|4|updated,74.46000000000001,68.17999999999999,53.57894736842105,64.15584294532185
Dev,gearboxEmu,wiener_mean|all|ratio|1|updated,76.52,78.46,58.578947368421055,69.95484582934843
Dev,gearboxEmu,wiener_mean|all|ratio|4|updated,75.14,79.47999999999999,58.684210526315795,69.8801746028483
Dev,gearboxEmu,wiener_mean|all|off|0|updated,78.08,62.480000000000004,56.10526315789473,64.327795972697
Dev,gearboxEmu,wiener_mean|all|subtractive|4|updated,78.96,79.10000000000001,58.89473684210527,70.94494432129507
Dev,gearboxEmu,wiener_mean|fps|ratio|1|updated,77.34,76.82,57.47368421052632,69.20953158131353
Dev,gearboxEmu,wiener_mean|fps|ratio|1|inherited,65.75999999999999,74.88,55.421052631578945,64.37050189173863
Dev,gearboxEmu,wiener_mean|fps|ratio|1|fixed,80.62,76.6,56.84210526315789,69.68431837477033
Dev,gearboxEmu,wiener_mean|fps|ratio|4|updated,76.74,77.44,58.684210526315795,69.79244427686864
Dev,gearboxEmu,wiener_mean|fps|ratio|4|inherited,63.980000000000004,74.62,56.57894736842105,64.23221455352478
Dev,gearboxEmu,wiener_mean|fps|ratio|4|fixed,76.64,76.18,56.42105263157895,68.33915007323107
Dev,gearboxEmu,wiener_mean|fps|off|0|updated,79.97999999999999,68.78,56.94736842105264,67.26109040184107
Dev,gearboxEmu,wiener_mean|fps|subtractive|4|updated,77.92,77.32,58.78947368421053,70.1314932558696
Dev,gearboxEmu,wiener_rdp4|all|ratio|1|updated,76.34,78.38000000000001,59.0,70.0823202516314
Dev,gearboxEmu,wiener_rdp4|all|ratio|4|updated,75.24,79.62,59.42105263157895,70.29133560765536
Dev,gearboxEmu,wiener_rdp4|all|off|0|updated,78.42,62.519999999999996,56.263157894736835,64.48790571062769
Dev,gearboxEmu,wiener_rdp4|all|subtractive|4|updated,79.17999999999999,78.32000000000001,59.0,70.84371411324432
Dev,gearboxEmu,wiener_rdp4|fps|ratio|1|updated,78.18,78.46,57.684210526315795,69.9755629996646
Dev,gearboxEmu,wiener_rdp4|fps|ratio|1|inherited,65.74,75.52,55.57894736842105,64.5919882687662
Dev,gearboxEmu,wiener_rdp4|fps|ratio|1|fixed,78.9,78.72,57.10526315789474,69.94793355739833
Dev,gearboxEmu,wiener_rdp4|fps|ratio|4|updated,77.3,78.82000000000001,58.36842105263158,70.16510224883548
Dev,gearboxEmu,wiener_rdp4|fps|ratio|4|inherited,65.3,76.12,56.52631578947368,65.01674006200956
Dev,gearboxEmu,wiener_rdp4|fps|ratio|4|fixed,77.52,78.4,56.684210526315795,69.28951202025556
Dev,gearboxEmu,wiener_rdp4|fps|off|0|updated,82.12,69.96,56.57894736842105,67.95693888979338
Dev,gearboxEmu,wiener_rdp4|fps|subtractive|4|updated,79.78,77.62,58.21052631578948,70.42787383280006
Dev,gearboxEmu,wiener_rdp4|fps64|ratio|1|updated,80.22,77.5,57.578947368421055,70.19776403885058
Dev,gearboxEmu,wiener_rdp4|fps64|ratio|1|inherited,58.68,73.54,53.94736842105263,61.005109562227446
Dev,gearboxEmu,wiener_rdp4|fps64|ratio|1|fixed,72.74000000000001,77.86,56.42105263157895,67.6971066798477
Dev,gearboxEmu,wiener_rdp4|fps64|ratio|4|updated,82.08,79.06,61.26315789473684,72.89536285539636
Dev,gearboxEmu,wiener_rdp4|fps64|ratio|4|inherited,54.67999999999999,72.44,53.89473684210526,59.23300629002609
Dev,gearboxEmu,wiener_rdp4|fps64|ratio|4|fixed,72.56,76.6,55.57894736842105,66.92103734439077
Dev,gearboxEmu,wiener_rdp4|fps256|ratio|1|updated,77.24,78.60000000000001,58.89473684210527,70.34203485185382
Dev,gearboxEmu,wiener_rdp4|fps256|ratio|1|inherited,77.0,78.8,58.05263157894737,69.924990544412
Dev,gearboxEmu,wiener_rdp4|fps256|ratio|1|fixed,79.7,79.06,58.684210526315795,71.02940059323318
Dev,gearboxEmu,wiener_rdp4|fps256|ratio|4|updated,76.88000000000001,78.92,58.94736842105264,70.35213502882287
Dev,gearboxEmu,wiener_rdp4|fps256|ratio|4|inherited,75.66000000000001,79.36,58.578947368421055,69.9483163102763
Dev,gearboxEmu,wiener_rdp4|fps256|ratio|4|fixed,80.22,79.3,59.26315789473684,71.51379266684667
Dev,gearboxEmu,wiener_rdp4|random_20260613|ratio|1|updated,71.44,76.06,57.578947368421055,67.39644383065561
Dev,gearboxEmu,wiener_rdp4|random_20260613|ratio|4|updated,72.89999999999999,77.2,57.10526315789474,67.90047912395877
Dev,gearboxEmu,wiener_rdp4|random_20260614|ratio|1|updated,72.94,63.44,65.47368421052632,67.04489516429437
Dev,gearboxEmu,wiener_rdp4|random_20260614|ratio|4|updated,72.8,61.53999999999999,62.78947368421053,65.34226054138169
Dev,gearboxEmu,wiener_rdp4|random_20260615|ratio|1|updated,79.22,62.92,50.89473684210526,62.28631925955001
Dev,gearboxEmu,wiener_rdp4|random_20260615|ratio|4|updated,81.10000000000001,63.9,50.94736842105263,63.01460924010372
Dev,gearboxEmu,residual_mean|all|ratio|1|updated,76.12,75.2,53.0,66.22085501765692
Dev,gearboxEmu,residual_mean|all|ratio|4|updated,76.1,75.16000000000001,52.57894736842105,65.98544331978775
Dev,gearboxEmu,residual_mean|all|off|0|updated,74.83999999999999,55.17999999999999,52.57894736842105,59.40198152475816
Dev,gearboxEmu,residual_mean|all|subtractive|4|updated,75.62,74.18,53.473684210526315,66.07125486575629
Dev,gearboxEmu,residual_mean|fps|ratio|1|updated,70.48,71.28,53.1578947368421,63.78977051113812
Dev,gearboxEmu,residual_mean|fps|ratio|1|inherited,63.18,68.17999999999999,52.1578947368421,60.401787410046595
Dev,gearboxEmu,residual_mean|fps|ratio|1|fixed,67.17999999999999,69.86,52.05263157894737,61.96932299618979
Dev,gearboxEmu,residual_mean|fps|ratio|4|updated,70.14,70.08,53.1578947368421,63.37338095364433
Dev,gearboxEmu,residual_mean|fps|ratio|4|inherited,62.3,67.44,52.368421052631575,60.0302107943428
Dev,gearboxEmu,residual_mean|fps|ratio|4|fixed,71.86,71.78,53.1578947368421,64.29588300855646
Dev,gearboxEmu,residual_mean|fps|off|0|updated,75.6,59.419999999999995,53.26315789473684,61.43566905070188
Dev,gearboxEmu,residual_mean|fps|subtractive|4|updated,73.06,71.02000000000001,53.368421052631575,64.50836928304392
Dev,gearboxEmu,residual_rdp4|all|ratio|1|updated,76.66,75.26,53.1578947368421,66.45436040597166
Dev,gearboxEmu,residual_rdp4|all|ratio|4|updated,77.32,74.83999999999999,52.78947368421053,66.31552825316052
Dev,gearboxEmu,residual_rdp4|all|off|0|updated,75.1,55.120000000000005,52.63157894736842,59.4556073936794
Dev,gearboxEmu,residual_rdp4|all|subtractive|4|updated,76.9,74.0,53.473684210526315,66.34496423213653
Dev,gearboxEmu,residual_rdp4|fps|ratio|1|updated,73.56,70.86,53.473684210526315,64.64477027023425
Dev,gearboxEmu,residual_rdp4|fps|ratio|1|inherited,67.12,68.78,52.421052631578945,61.83768701174689
Dev,gearboxEmu,residual_rdp4|fps|ratio|1|fixed,73.3,71.89999999999999,52.73684210526316,64.49831017158517
Dev,gearboxEmu,residual_rdp4|fps|ratio|4|updated,73.0,71.12,53.473684210526315,64.57145226151488
Dev,gearboxEmu,residual_rdp4|fps|ratio|4|inherited,67.66,68.88,52.421052631578945,62.0166720290527
Dev,gearboxEmu,residual_rdp4|fps|ratio|4|fixed,76.14,72.84,53.05263157894737,65.62881562530669
Dev,gearboxEmu,residual_rdp4|fps|off|0|updated,77.25999999999999,60.14000000000001,53.10526315789473,61.98129162592304
Dev,gearboxEmu,residual_rdp4|fps|subtractive|4|updated,75.96000000000001,70.38,53.421052631578945,65.08634504578994
Dev,gearboxEmu,crossover|wiener_mean|wiener_mean,77.34,76.82,57.47368421052632,69.20953158131353
Dev,gearboxEmu,crossover|wiener_mean|wiener_rdp4,77.68,78.53999999999999,57.10526315789474,69.57778111629506
Dev,gearboxEmu,crossover|wiener_rdp4|wiener_mean,78.16,77.24,57.89473684210527,69.74529334662859
Dev,gearboxEmu,crossover|wiener_rdp4|wiener_rdp4,78.18,78.46,57.684210526315795,69.9755629996646
Dev,sliderEmu,near_mean|all|ratio|1|updated,63.62,67.30000000000001,54.1578947368421,61.17243424041037
Dev,sliderEmu,near_mean|all|ratio|4|updated,64.78,69.6,54.473684210526315,62.289555717004255
Dev,sliderEmu,near_mean|all|off|0|updated,72.5,55.900000000000006,53.526315789473685,59.5656587504736
Dev,sliderEmu,near_mean|all|subtractive|4|updated,69.08,69.58,55.736842105263165,64.11712738527919
Dev,sliderEmu,near_mean|fps|ratio|1|updated,65.7,70.7,53.73684210526316,62.533639994618476
Dev,sliderEmu,near_mean|fps|ratio|1|inherited,51.0,65.53999999999999,54.89473684210526,56.51592482589922
Dev,sliderEmu,near_mean|fps|ratio|1|fixed,59.660000000000004,66.96,56.05263157894736,60.56163153977279
Dev,sliderEmu,near_mean|fps|ratio|4|updated,70.48,73.22,55.684210526315795,65.49602709105507
Dev,sliderEmu,near_mean|fps|ratio|4|inherited,52.78,68.04,54.52631578947369,57.71053542071491
Dev,sliderEmu,near_mean|fps|ratio|4|fixed,63.6,71.3,53.421052631578945,61.896856776074074
Dev,sliderEmu,near_mean|fps|off|0|updated,71.6,64.86,56.263157894736835,63.61603241644686
Dev,sliderEmu,near_mean|fps|subtractive|4|updated,70.78,73.4,56.47368421052632,65.99262450710874
Dev,sliderEmu,near_rdp4|all|ratio|1|updated,64.42,65.56,53.84210526315789,60.79131118445441
Dev,sliderEmu,near_rdp4|all|ratio|4|updated,65.06,67.97999999999999,55.21052631578948,62.24954380205568
Dev,sliderEmu,near_rdp4|all|off|0|updated,72.92,55.54,54.736842105263165,60.01448631471703
Dev,sliderEmu,near_rdp4|all|subtractive|4|updated,70.36,69.56,55.57894736842105,64.40377110574494
Dev,sliderEmu,near_rdp4|fps|ratio|1|updated,68.52000000000001,74.02,56.263157894736835,65.39115914389299
Dev,sliderEmu,near_rdp4|fps|ratio|1|inherited,52.18000000000001,66.8,55.10526315789473,57.38158902328355
Dev,sliderEmu,near_rdp4|fps|ratio|1|fixed,62.3,72.1,54.94736842105263,62.343849953360916
Dev,sliderEmu,near_rdp4|fps|ratio|4|updated,70.84,75.46000000000001,59.210526315789465,67.78548657663755
Dev,sliderEmu,near_rdp4|fps|ratio|4|inherited,55.279999999999994,69.84,56.263157894736835,59.782645372066554
Dev,sliderEmu,near_rdp4|fps|ratio|4|fixed,64.1,73.7,55.52631578947369,63.588120272913514
Dev,sliderEmu,near_rdp4|fps|off|0|updated,73.11999999999999,66.3,57.78947368421052,65.12777761844714
Dev,sliderEmu,near_rdp4|fps|subtractive|4|updated,73.34,76.18,58.8421052631579,68.56114473036267
Dev,sliderEmu,wiener_mean|all|ratio|1|updated,68.10000000000001,79.52,56.21052631578948,66.59267081372397
Dev,sliderEmu,wiener_mean|all|ratio|4|updated,68.16,79.54,57.73684210526315,67.31949264351594
Dev,sliderEmu,wiener_mean|all|off|0|updated,77.14,60.980000000000004,56.78947368421052,63.868979002796735
Dev,sliderEmu,wiener_mean|all|subtractive|4|updated,73.7,80.12,59.26315789473684,69.89147649253614
Dev,sliderEmu,wiener_mean|fps|ratio|1|updated,72.78,80.67999999999999,58.78947368421053,69.53372479441865
Dev,sliderEmu,wiener_mean|fps|ratio|1|inherited,58.36,81.28,55.84210526315789,63.363582393022845
Dev,sliderEmu,wiener_mean|fps|ratio|1|fixed,67.78,84.28,57.94736842105264,68.37472053033287
Dev,sliderEmu,wiener_mean|fps|ratio|4|updated,71.66,83.54,59.73684210526316,70.31493648993352
Dev,sliderEmu,wiener_mean|fps|ratio|4|inherited,57.9,81.46,57.631578947368425,63.96763203130846
Dev,sliderEmu,wiener_mean|fps|ratio|4|fixed,65.96,83.84,57.99999999999999,67.67492731153156
Dev,sliderEmu,wiener_mean|fps|off|0|updated,73.32,68.22,57.631578947368425,65.7189993822373
Dev,sliderEmu,wiener_mean|fps|subtractive|4|updated,74.48,79.80000000000001,63.26315789473684,71.83092745271448
Dev,sliderEmu,wiener_rdp4|all|ratio|1|updated,70.86,79.38,59.578947368421055,68.97436796545257
Dev,sliderEmu,wiener_rdp4|all|ratio|4|updated,70.3,80.02,60.421052631578945,69.32865676750546
Dev,sliderEmu,wiener_rdp4|all|off|0|updated,77.72,62.0,57.631578947368425,64.7286458306924
Dev,sliderEmu,wiener_rdp4|all|subtractive|4|updated,75.28,80.47999999999999,61.36842105263158,71.42140591197025
Dev,sliderEmu,wiener_rdp4|fps|ratio|1|updated,72.78,75.66000000000001,56.315789473684205,67.09297341560179
Dev,sliderEmu,wiener_rdp4|fps|ratio|1|inherited,59.81999999999999,75.28,56.368421052631575,62.83908582799833
Dev,sliderEmu,wiener_rdp4|fps|ratio|1|fixed,66.2,73.54,55.684210526315795,64.29187598025314
Dev,sliderEmu,wiener_rdp4|fps|ratio|4|updated,73.22,77.46,59.31578947368421,69.08259701111118
Dev,sliderEmu,wiener_rdp4|fps|ratio|4|inherited,60.4,74.92,56.84210526315789,63.162609027169424
Dev,sliderEmu,wiener_rdp4|fps|ratio|4|fixed,65.74,75.8,57.15789473684211,65.36026445511425
Dev,sliderEmu,wiener_rdp4|fps|off|0|updated,72.89999999999999,62.4,56.684210526315795,63.31162979670671
Dev,sliderEmu,wiener_rdp4|fps|subtractive|4|updated,75.3,73.68,59.68421052631578,68.79587342193372
Dev,sliderEmu,wiener_rdp4|fps64|ratio|1|updated,71.66,74.5,54.736842105263165,65.7219702263796
Dev,sliderEmu,wiener_rdp4|fps64|ratio|1|inherited,54.16,68.94,52.57894736842105,57.70540578141098
Dev,sliderEmu,wiener_rdp4|fps64|ratio|1|fixed,61.419999999999995,70.39999999999999,51.68421052631579,60.199675247895776
Dev,sliderEmu,wiener_rdp4|fps64|ratio|4|updated,75.2,74.52,59.94736842105263,69.12699146762759
Dev,sliderEmu,wiener_rdp4|fps64|ratio|4|inherited,56.89999999999999,70.44,53.73684210526316,59.5469922357634
Dev,sliderEmu,wiener_rdp4|fps64|ratio|4|fixed,64.86,71.08,54.789473684210535,62.842808678882975
Dev,sliderEmu,wiener_rdp4|fps256|ratio|1|updated,72.54,84.1,60.42105263157895,71.04522034174273
Dev,sliderEmu,wiener_rdp4|fps256|ratio|1|inherited,64.22,82.32000000000001,58.31578947368421,66.86398416931601
Dev,sliderEmu,wiener_rdp4|fps256|ratio|1|fixed,70.17999999999999,85.16,61.26315789473684,70.89734768695396
Dev,sliderEmu,wiener_rdp4|fps256|ratio|4|updated,74.76,84.14,61.631578947368425,72.31261212819619
Dev,sliderEmu,wiener_rdp4|fps256|ratio|4|inherited,64.75999999999999,83.0,58.578947368421055,67.32374228852959
Dev,sliderEmu,wiener_rdp4|fps256|ratio|4|fixed,70.58,84.64,61.1578947368421,70.86471908193415
Dev,sliderEmu,wiener_rdp4|random_20260613|ratio|1|updated,71.22,59.74,49.94736842105263,59.05363276175921
Dev,sliderEmu,wiener_rdp4|random_20260613|ratio|4|updated,73.7,60.3,49.89473684210527,59.76754840365368
Dev,sliderEmu,wiener_rdp4|random_20260614|ratio|1|updated,67.44,69.38,54.05263157894736,62.83794018732613
Dev,sliderEmu,wiener_rdp4|random_20260614|ratio|4|updated,70.0,70.06,57.05263157894736,65.09446262367715
Dev,sliderEmu,wiener_rdp4|random_20260615|ratio|1|updated,66.64,67.54,53.84210526315789,62.0028555625028
Dev,sliderEmu,wiener_rdp4|random_20260615|ratio|4|updated,66.82000000000001,69.67999999999999,54.52631578947369,62.9502677517225
Dev,sliderEmu,residual_mean|all|ratio|1|updated,67.38,65.75999999999999,56.05263157894736,62.64566761148438
Dev,sliderEmu,residual_mean|all|ratio|4|updated,68.8,67.67999999999999,56.78947368421052,63.939716531080634
Dev,sliderEmu,residual_mean|all|off|0|updated,75.22,56.54,56.89473684210527,61.782743028939834
Dev,sliderEmu,residual_mean|all|subtractive|4|updated,69.78,69.19999999999999,57.36842105263158,64.91706027239245
Dev,sliderEmu,residual_mean|fps|ratio|1|updated,70.39999999999999,71.26,57.15789473684211,65.59806032534836
Dev,sliderEmu,residual_mean|fps|ratio|1|inherited,58.8,67.5,56.368421052631575,60.530187494393104
Dev,sliderEmu,residual_mean|fps|ratio|1|fixed,63.54,68.54,56.10526315789473,62.30299543371187
Dev,sliderEmu,residual_mean|fps|ratio|4|updated,74.24,70.54,59.21052631578948,67.3626420403877
Dev,sliderEmu,residual_mean|fps|ratio|4|inherited,61.5,68.17999999999999,56.94736842105264,61.871878842500315
Dev,sliderEmu,residual_mean|fps|ratio|4|fixed,70.64,70.84,57.315789473684205,65.61708046096045
Dev,sliderEmu,residual_mean|fps|off|0|updated,74.33999999999999,61.660000000000004,56.15789473684211,63.189006063624575
Dev,sliderEmu,residual_mean|fps|subtractive|4|updated,70.46,70.36,59.526315789473685,66.36527527950334
Dev,sliderEmu,residual_rdp4|all|ratio|1|updated,69.46,66.4,56.42105263157895,63.585056895824096
Dev,sliderEmu,residual_rdp4|all|ratio|4|updated,71.24000000000001,68.0,56.89473684210527,64.76787632216488
Dev,sliderEmu,residual_rdp4|all|off|0|updated,74.32,55.779999999999994,57.36842105263158,61.45766069083323
Dev,sliderEmu,residual_rdp4|all|subtractive|4|updated,73.76,69.88,57.52631578947368,66.2967624820699
Dev,sliderEmu,residual_rdp4|fps|ratio|1|updated,71.76,71.02000000000001,56.47368421052632,65.61214355675617
Dev,sliderEmu,residual_rdp4|fps|ratio|1|inherited,63.38,69.89999999999999,57.263157894736835,63.095151800945914
Dev,sliderEmu,residual_rdp4|fps|ratio|1|fixed,66.92,69.32000000000001,56.52631578947368,63.74848467091168
Dev,sliderEmu,residual_rdp4|fps|ratio|4|updated,74.53999999999999,70.3,57.21052631578948,66.48985142878504
Dev,sliderEmu,residual_rdp4|fps|ratio|4|inherited,65.02,70.54,56.684210526315795,63.562238916537396
Dev,sliderEmu,residual_rdp4|fps|ratio|4|fixed,69.96,68.54,56.21052631578948,64.27538686080729
Dev,sliderEmu,residual_rdp4|fps|off|0|updated,75.06,61.160000000000004,57.684210526315795,63.81757019469416
Dev,sliderEmu,residual_rdp4|fps|subtractive|4|updated,78.0,72.0,59.8421052631579,69.09251444523795
Dev,sliderEmu,crossover|wiener_mean|wiener_mean,72.78,80.67999999999999,58.78947368421053,69.53372479441865
Dev,sliderEmu,crossover|wiener_mean|wiener_rdp4,70.24000000000001,74.98,54.26315789473685,65.2138444116661
Dev,sliderEmu,crossover|wiener_rdp4|wiener_mean,72.89999999999999,81.06,61.421052631578945,70.86331080606588
Dev,sliderEmu,crossover|wiener_rdp4|wiener_rdp4,72.78,75.66000000000001,56.315789473684205,67.09297341560179
Dev,valveEmu,near_mean|all|ratio|1|updated,76.28,73.48,57.263157894736835,67.90099069625549
Dev,valveEmu,near_mean|all|ratio|4|updated,76.42,72.1,59.631578947368425,68.61088047044156
Dev,valveEmu,near_mean|all|off|0|updated,70.84,61.760000000000005,50.26315789473684,59.75700856205744
Dev,valveEmu,near_mean|all|subtractive|4|updated,77.58,74.33999999999999,55.00000000000001,67.38022832878795
Dev,valveEmu,near_mean|fps|ratio|1|updated,68.08,67.97999999999999,55.315789473684205,63.18871558156477
Dev,valveEmu,near_mean|fps|ratio|1|inherited,67.4,69.72,63.473684210526315,66.76393071228168
Dev,valveEmu,near_mean|fps|ratio|1|fixed,66.14,65.06,58.42105263157895,63.015958891854154
Dev,valveEmu,near_mean|fps|ratio|4|updated,67.56,67.30000000000001,54.315789473684205,62.407232287252015
Dev,valveEmu,near_mean|fps|ratio|4|inherited,68.94,69.56,64.21052631578948,67.48364514440138
Dev,valveEmu,near_mean|fps|ratio|4|fixed,68.84,64.78,57.05263157894736,63.16989485776041
Dev,valveEmu,near_mean|fps|off|0|updated,70.74000000000001,66.02,51.05263157894737,61.3863144959341
Dev,valveEmu,near_mean|fps|subtractive|4|updated,70.92,67.60000000000001,54.57894736842105,63.53862197084228
Dev,valveEmu,near_rdp4|all|ratio|1|updated,83.24000000000001,77.3,63.21052631578947,73.58312825485565
Dev,valveEmu,near_rdp4|all|ratio|4|updated,81.89999999999999,75.82,63.31578947368421,72.82791989443984
Dev,valveEmu,near_rdp4|all|off|0|updated,73.46000000000001,66.24,49.84210526315789,61.509660052182426
Dev,valveEmu,near_rdp4|all|subtractive|4|updated,80.67999999999999,77.5,56.73684210526315,69.89243028136313
Dev,valveEmu,near_rdp4|fps|ratio|1|updated,73.42,71.17999999999999,53.57894736842105,64.74838183130382
Dev,valveEmu,near_rdp4|fps|ratio|1|inherited,73.0,72.66,67.73684210526315,71.0490082979744
Dev,valveEmu,near_rdp4|fps|ratio|1|fixed,71.92,72.22,61.73684210526316,68.26140242966792
Dev,valveEmu,near_rdp4|fps|ratio|4|updated,74.11999999999999,72.11999999999999,56.26315789473685,66.47310488994495
Dev,valveEmu,near_rdp4|fps|ratio|4|inherited,73.3,72.46000000000001,68.52631578947368,71.36703199834884
Dev,valveEmu,near_rdp4|fps|ratio|4|fixed,74.32,72.52,60.05263157894737,68.34228678691704
Dev,valveEmu,near_rdp4|fps|off|0|updated,76.28,70.88,51.78947368421053,64.47884021408137
Dev,valveEmu,near_rdp4|fps|subtractive|4|updated,76.8,72.39999999999999,55.52631578947369,66.90086921190664
Dev,valveEmu,wiener_mean|all|ratio|1|updated,90.96,90.72,68.15789473684211,81.76930055607843
Dev,valveEmu,wiener_mean|all|ratio|4|updated,94.38,94.32000000000001,78.05263157894737,88.2105478546423
Dev,valveEmu,wiener_mean|all|off|0|updated,82.36,74.44,51.473684210526315,66.66243418302862
Dev,valveEmu,wiener_mean|all|subtractive|4|updated,87.18,89.98,56.47368421052632,74.4574581138529
Dev,valveEmu,wiener_mean|fps|ratio|1|updated,86.76,91.78,62.63157894736842,78.1493089411926
Dev,valveEmu,wiener_mean|fps|ratio|1|inherited,84.72,89.08,67.84210526315789,79.42904013816023
Dev,valveEmu,wiener_mean|fps|ratio|1|fixed,87.86,91.62,68.6842105263158,81.39836285061594
Dev,valveEmu,wiener_mean|fps|ratio|4|updated,89.22,92.44,70.42105263157895,82.81258935645272
Dev,valveEmu,wiener_mean|fps|ratio|4|inherited,86.86,91.4,74.52631578947368,83.63120604238829
Dev,valveEmu,wiener_mean|fps|ratio|4|fixed,90.56,93.60000000000001,75.63157894736842,85.84144444101159
Dev,valveEmu,wiener_mean|fps|off|0|updated,86.02,84.06,51.68421052631579,69.97943584960191
Dev,valveEmu,wiener_mean|fps|subtractive|4|updated,86.52,89.60000000000001,56.52631578947369,74.23976479118126
Dev,valveEmu,wiener_rdp4|all|ratio|1|updated,92.56,93.28,73.52631578947368,85.40976997107244
Dev,valveEmu,wiener_rdp4|all|ratio|4|updated,94.69999999999999,95.08,80.0,89.34655218064839
Dev,valveEmu,wiener_rdp4|all|off|0|updated,83.16,76.86,51.94736842105263,67.74159929687914
Dev,valveEmu,wiener_rdp4|all|subtractive|4|updated,88.26,90.86,58.8421052631579,76.27622059757132
Dev,valveEmu,wiener_rdp4|fps|ratio|1|updated,89.62,93.72,70.21052631578948,83.1688824298336
Dev,valveEmu,wiener_rdp4|fps|ratio|1|inherited,90.44,92.56,75.10526315789474,85.28662579794732
Dev,valveEmu,wiener_rdp4|fps|ratio|1|fixed,92.54,94.1,78.15789473684211,87.6481975100098
Dev,valveEmu,wiener_rdp4|fps|ratio|4|updated,89.8,93.34,75.57894736842105,85.51741071884044
Dev,valveEmu,wiener_rdp4|fps|ratio|4|inherited,92.24,94.04,79.94736842105263,88.27869200395207
Dev,valveEmu,wiener_rdp4|fps|ratio|4|fixed,92.92,94.28,79.57894736842105,88.40485785267789
Dev,valveEmu,wiener_rdp4|fps|off|0|updated,85.26,83.08,52.21052631578947,69.89968799543502
Dev,valveEmu,wiener_rdp4|fps|subtractive|4|updated,87.1,89.44,57.684210526315795,75.00468316891384
Dev,valveEmu,wiener_rdp4|fps64|ratio|1|updated,88.32,90.5,67.10526315789474,80.48473636750045
Dev,valveEmu,wiener_rdp4|fps64|ratio|1|inherited,84.44,85.52,62.21052631578947,75.73778096692669
Dev,valveEmu,wiener_rdp4|fps64|ratio|1|fixed,86.2,87.4,60.94736842105264,76.04529007719734
Dev,valveEmu,wiener_rdp4|fps64|ratio|4|updated,88.56,91.9,71.42105263157895,82.93101140292669
Dev,valveEmu,wiener_rdp4|fps64|ratio|4|inherited,86.86,88.2,67.0,79.41545817880409
Dev,valveEmu,wiener_rdp4|fps64|ratio|4|fixed,87.53999999999999,91.94,71.3157894736842,82.59423369875883
Dev,valveEmu,wiener_rdp4|fps256|ratio|1|updated,90.03999999999999,93.32000000000001,71.89473684210526,83.9601997984759
Dev,valveEmu,wiener_rdp4|fps256|ratio|1|inherited,93.47999999999999,92.17999999999999,75.26315789473685,86.1263909312483
Dev,valveEmu,wiener_rdp4|fps256|ratio|1|fixed,93.89999999999999,93.97999999999999,79.05263157894737,88.39130646072823
Dev,valveEmu,wiener_rdp4|fps256|ratio|4|updated,90.82000000000001,93.62,77.57894736842105,86.74941976753962
Dev,valveEmu,wiener_rdp4|fps256|ratio|4|inherited,95.06,95.26,82.68421052631578,90.60305889049772
Dev,valveEmu,wiener_rdp4|fps256|ratio|4|fixed,94.0,94.36,81.0,89.33440212210387
Dev,valveEmu,wiener_rdp4|random_20260613|ratio|1|updated,87.36,92.67999999999999,70.26315789473684,82.26184853483709
Dev,valveEmu,wiener_rdp4|random_20260613|ratio|4|updated,89.62,93.54,74.10526315789474,84.88206452351427
Dev,valveEmu,wiener_rdp4|random_20260614|ratio|1|updated,78.68,76.8,54.21052631578947,67.90841659130382
Dev,valveEmu,wiener_rdp4|random_20260614|ratio|4|updated,84.98,87.36,64.73684210526316,77.59654405724551
Dev,valveEmu,wiener_rdp4|random_20260615|ratio|1|updated,87.3,90.42,56.631578947368425,74.67842276592405
Dev,valveEmu,wiener_rdp4|random_20260615|ratio|4|updated,87.76,90.84,58.263157894736835,75.8215565525751
Dev,valveEmu,residual_mean|all|ratio|1|updated,78.48,77.0,64.89473684210526,72.92406509813226
Dev,valveEmu,residual_mean|all|ratio|4|updated,78.60000000000001,74.08,65.63157894736842,72.36215668706704
Dev,valveEmu,residual_mean|all|off|0|updated,67.04,61.88,50.1578947368421,58.80759488073376
Dev,valveEmu,residual_mean|all|subtractive|4|updated,74.26,70.46,57.78947368421052,66.72176566303865
Dev,valveEmu,residual_mean|fps|ratio|1|updated,63.980000000000004,69.1,54.26315789473685,61.81695566292854
Dev,valveEmu,residual_mean|fps|ratio|1|inherited,66.58,71.1,59.36842105263158,65.31935393089164
Dev,valveEmu,residual_mean|fps|ratio|1|fixed,65.72,69.36,56.631578947368425,63.43622289880848
Dev,valveEmu,residual_mean|fps|ratio|4|updated,64.60000000000001,69.54,56.26315789473685,62.98060870686173
Dev,valveEmu,residual_mean|fps|ratio|4|inherited,66.3,69.58,61.05263157894737,65.45328984756216
Dev,valveEmu,residual_mean|fps|ratio|4|fixed,67.7,70.52000000000001,59.78947368421053,65.67889229515448
Dev,valveEmu,residual_mean|fps|off|0|updated,63.580000000000005,63.04,51.31578947368421,58.73331036004831
Dev,valveEmu,residual_mean|fps|subtractive|4|updated,65.34,65.84,54.0,61.21023076514468
Dev,valveEmu,residual_rdp4|all|ratio|1|updated,81.86,76.6,69.52631578947368,75.65469313865759
Dev,valveEmu,residual_rdp4|all|ratio|4|updated,81.69999999999999,74.88,66.47368421052632,73.82225806632835
Dev,valveEmu,residual_rdp4|all|off|0|updated,71.58,67.17999999999999,51.526315789473685,62.1590008028073
Dev,valveEmu,residual_rdp4|all|subtractive|4|updated,77.75999999999999,75.06,59.36842105263158,69.72410082606515
Dev,valveEmu,residual_rdp4|fps|ratio|1|updated,74.64,71.58,60.36842105263158,68.28583480888791
Dev,valveEmu,residual_rdp4|fps|ratio|1|inherited,72.82,67.60000000000001,62.89473684210527,67.52958662820461
Dev,valveEmu,residual_rdp4|fps|ratio|1|fixed,73.11999999999999,65.7,59.10526315789474,65.47957150689098
Dev,valveEmu,residual_rdp4|fps|ratio|4|updated,74.92,71.7,59.94736842105263,68.21922786640081
Dev,valveEmu,residual_rdp4|fps|ratio|4|inherited,73.0,65.94,62.36842105263158,66.81858659190915
Dev,valveEmu,residual_rdp4|fps|ratio|4|fixed,74.18,70.34,61.94736842105263,68.43046921346314
Dev,valveEmu,residual_rdp4|fps|off|0|updated,70.0,60.5,51.73684210526316,59.82861988105189
Dev,valveEmu,residual_rdp4|fps|subtractive|4|updated,72.56,65.38000000000001,55.57894736842105,63.73578447053161
Dev,valveEmu,crossover|wiener_mean|wiener_mean,86.76,91.78,62.63157894736842,78.1493089411926
Dev,valveEmu,crossover|wiener_mean|wiener_rdp4,89.2,93.04,66.63157894736842,81.15406144971688
Dev,valveEmu,crossover|wiener_rdp4|wiener_mean,87.06,92.86,64.78947368421053,79.59705488314216
Dev,valveEmu,crossover|wiener_rdp4|wiener_rdp4,89.62,93.72,70.21052631578948,83.1688824298336
Eval,BlowerDustCollector,near_mean|all|ratio|1|updated,74.1,84.11999999999999,69.94736842105263,75.6057542054605
Eval,BlowerDustCollector,near_mean|all|ratio|4|updated,76.64,88.72,71.89473684210526,78.4751618883929
Eval,BlowerDustCollector,near_mean|all|off|0|updated,70.28,81.44,65.6842105263158,71.88704569197554
Eval,BlowerDustCollector,near_mean|all|subtractive|4|updated,74.66000000000001,87.5,71.78947368421052,77.41487329199465
Eval,BlowerDustCollector,near_mean|fps|ratio|1|updated,73.86,80.52,70.36842105263158,74.68385806704492
Eval,BlowerDustCollector,near_mean|fps|ratio|1|inherited,73.88,80.38,71.47368421052632,75.06092679202166
Eval,BlowerDustCollector,near_mean|fps|ratio|1|fixed,73.14,80.32000000000001,68.89473684210526,73.8234295871027
Eval,BlowerDustCollector,near_mean|fps|ratio|4|updated,77.86,82.86,75.05263157894737,78.45988906991147
Eval,BlowerDustCollector,near_mean|fps|ratio|4|inherited,75.22,81.62,71.05263157894737,75.71874173539145
Eval,BlowerDustCollector,near_mean|fps|ratio|4|fixed,76.68,84.24000000000001,73.57894736842105,77.91620993809563
Eval,BlowerDustCollector,near_mean|fps|off|0|updated,75.32,82.98,68.84210526315789,75.27517466250548
Eval,BlowerDustCollector,near_mean|fps|subtractive|4|updated,77.94,84.7,72.26315789473684,77.97257162761983
Eval,BlowerDustCollector,near_rdp4|all|ratio|1|updated,73.54,82.82000000000001,69.36842105263158,74.83498597740159
Eval,BlowerDustCollector,near_rdp4|all|ratio|4|updated,75.36,88.26,70.15789473684211,77.2133926570336
Eval,BlowerDustCollector,near_rdp4|all|off|0|updated,69.72,80.56,65.0,71.1898983799848
Eval,BlowerDustCollector,near_rdp4|all|subtractive|4|updated,73.46000000000001,86.22,71.0,76.3444357414225
Eval,BlowerDustCollector,near_rdp4|fps|ratio|1|updated,74.18,81.44,71.94736842105263,75.64534944768242
Eval,BlowerDustCollector,near_rdp4|fps|ratio|1|inherited,73.78,81.82000000000001,69.89473684210526,74.84471936284764
Eval,BlowerDustCollector,near_rdp4|fps|ratio|1|fixed,73.0,80.72,69.6842105263158,74.1884033899414
Eval,BlowerDustCollector,near_rdp4|fps|ratio|4|updated,77.06,85.18,74.0,78.47187087924829
Eval,BlowerDustCollector,near_rdp4|fps|ratio|4|inherited,74.0,83.1,68.26315789473684,74.63355243478345
Eval,BlowerDustCollector,near_rdp4|fps|ratio|4|fixed,75.5,86.53999999999999,71.84210526315789,77.47974473297322
Eval,BlowerDustCollector,near_rdp4|fps|off|0|updated,74.88,84.34,68.84210526315789,75.49550539902815
Eval,BlowerDustCollector,near_rdp4|fps|subtractive|4|updated,77.9,87.62,71.78947368421052,78.576181429693
Eval,BlowerDustCollector,wiener_mean|all|ratio|1|updated,76.38000000000001,88.28,68.10526315789474,76.72010384213455
Eval,BlowerDustCollector,wiener_mean|all|ratio|4|updated,79.28,92.75999999999999,71.31578947368422,80.17923639245367
Eval,BlowerDustCollector,wiener_mean|all|off|0|updated,74.68,85.68,67.94736842105263,75.4165356692488
Eval,BlowerDustCollector,wiener_mean|all|subtractive|4|updated,78.28,90.3,72.10526315789474,79.53874876431722
Eval,BlowerDustCollector,wiener_mean|fps|ratio|1|updated,76.24,82.76,69.78947368421052,75.8947714911787
Eval,BlowerDustCollector,wiener_mean|fps|ratio|1|inherited,72.94,85.26,66.57894736842105,74.15007175429763
Eval,BlowerDustCollector,wiener_mean|fps|ratio|1|fixed,76.88000000000001,87.32,71.42105263157895,78.00131912863148
Eval,BlowerDustCollector,wiener_mean|fps|ratio|4|updated,79.14,88.02,72.10526315789474,79.22778751648752
Eval,BlowerDustCollector,wiener_mean|fps|ratio|4|inherited,76.42,86.46000000000001,69.47368421052632,76.83331751198104
Eval,BlowerDustCollector,wiener_mean|fps|ratio|4|fixed,79.94,89.25999999999999,71.15789473684211,79.43681836983409
Eval,BlowerDustCollector,wiener_mean|fps|off|0|updated,76.34,83.8,69.15789473684211,75.96449843370765
Eval,BlowerDustCollector,wiener_mean|fps|subtractive|4|updated,79.25999999999999,86.94,71.84210526315789,78.86786991654384
Eval,BlowerDustCollector,wiener_rdp4|all|ratio|1|updated,76.3,87.86,67.84210526315789,76.47596277627896
Eval,BlowerDustCollector,wiener_rdp4|all|ratio|4|updated,79.84,92.9,71.89473684210526,80.64833354499633
Eval,BlowerDustCollector,wiener_rdp4|all|off|0|updated,74.62,84.44,67.26315789473684,74.79256071286514
Eval,BlowerDustCollector,wiener_rdp4|all|subtractive|4|updated,77.7,89.34,71.36842105263158,78.79184406607608
Eval,BlowerDustCollector,wiener_rdp4|fps|ratio|1|updated,78.86,85.52,71.94736842105263,78.38440302633897
Eval,BlowerDustCollector,wiener_rdp4|fps|ratio|1|inherited,75.84,86.22,67.10526315789474,75.59369042974873
Eval,BlowerDustCollector,wiener_rdp4|fps|ratio|1|fixed,81.44,89.7,75.10526315789474,81.65065726986776
Eval,BlowerDustCollector,wiener_rdp4|fps|ratio|4|updated,80.14,85.56,73.63157894736841,79.47652073832894
Eval,BlowerDustCollector,wiener_rdp4|fps|ratio|4|inherited,78.94,86.02,71.26315789473684,78.27676570952478
Eval,BlowerDustCollector,wiener_rdp4|fps|ratio|4|fixed,81.22,89.28,76.3157894736842,81.93049328538582
Eval,BlowerDustCollector,wiener_rdp4|fps|off|0|updated,76.0,82.6,67.89473684210526,75.012912652176
Eval,BlowerDustCollector,wiener_rdp4|fps|subtractive|4|updated,79.02,85.8,71.73684210526316,78.4316303155467
Eval,BlowerDustCollector,wiener_rdp4|fps64|ratio|1|updated,76.55999999999999,86.33999999999999,71.78947368421052,77.77382894000333
Eval,BlowerDustCollector,wiener_rdp4|fps64|ratio|1|inherited,75.5,88.48,65.73684210526316,75.45424967680586
Eval,BlowerDustCollector,wiener_rdp4|fps64|ratio|1|fixed,83.2,92.02,77.63157894736842,83.87434737584555
Eval,BlowerDustCollector,wiener_rdp4|fps64|ratio|4|updated,80.47999999999999,87.03999999999999,74.52631578947368,80.3589430401388
Eval,BlowerDustCollector,wiener_rdp4|fps64|ratio|4|inherited,77.08,87.24,70.63157894736842,77.73201006358279
Eval,BlowerDustCollector,wiener_rdp4|fps64|ratio|4|fixed,81.76,91.25999999999999,77.47368421052632,83.11116857722621
Eval,BlowerDustCollector,wiener_rdp4|fps256|ratio|1|updated,78.16,90.98,72.0,79.62928058848313
Eval,BlowerDustCollector,wiener_rdp4|fps256|ratio|1|inherited,73.32,85.6,66.4736842105263,74.32248822497337
Eval,BlowerDustCollector,wiener_rdp4|fps256|ratio|1|fixed,76.3,87.16000000000001,69.63157894736842,77.04039009188641
Eval,BlowerDustCollector,wiener_rdp4|fps256|ratio|4|updated,80.67999999999999,92.46,73.73684210526316,81.5840913135162
Eval,BlowerDustCollector,wiener_rdp4|fps256|ratio|4|inherited,77.22,91.78,72.10526315789474,79.54553820496628
Eval,BlowerDustCollector,wiener_rdp4|fps256|ratio|4|fixed,80.30000000000001,93.28,74.21052631578947,81.85787002607954
Eval,BlowerDustCollector,wiener_rdp4|random_20260613|ratio|1|updated,69.54,81.0,55.47368421052632,67.03542510738593
Eval,BlowerDustCollector,wiener_rdp4|random_20260613|ratio|4|updated,72.26,83.94,57.36842105263158,69.471173037749
Eval,BlowerDustCollector,wiener_rdp4|random_20260614|ratio|1|updated,76.18,85.72,58.36842105263158,71.5559312325329
Eval,BlowerDustCollector,wiener_rdp4|random_20260614|ratio|4|updated,76.86,86.68,62.10526315789474,73.80246219408563
Eval,BlowerDustCollector,wiener_rdp4|random_20260615|ratio|1|updated,78.14,90.44,68.78947368421052,78.14187955536218
Eval,BlowerDustCollector,wiener_rdp4|random_20260615|ratio|4|updated,81.12,92.24,71.78947368421052,80.8661987191302
Eval,BlowerDustCollector,residual_mean|all|ratio|1|updated,74.32,88.58,69.63157894736842,76.71484831513168
Eval,BlowerDustCollector,residual_mean|all|ratio|4|updated,78.94,93.4,75.78947368421053,82.0368512854661
Eval,BlowerDustCollector,residual_mean|all|off|0|updated,71.3,82.76,70.10526315789474,74.30774596621288
Eval,BlowerDustCollector,residual_mean|all|subtractive|4|updated,76.5,90.52,74.36842105263159,79.85998865848929
Eval,BlowerDustCollector,residual_mean|fps|ratio|1|updated,76.8,90.3,72.26315789473684,79.08610058537506
Eval,BlowerDustCollector,residual_mean|fps|ratio|1|inherited,74.1,89.98,68.52631578947368,76.52711504031784
Eval,BlowerDustCollector,residual_mean|fps|ratio|1|fixed,73.78,91.64,71.42105263157895,77.9878148724327
Eval,BlowerDustCollector,residual_mean|fps|ratio|4|updated,82.04,94.74000000000001,78.52631578947368,84.5571472996818
Eval,BlowerDustCollector,residual_mean|fps|ratio|4|inherited,79.60000000000001,94.44,74.94736842105263,82.2047437509576
Eval,BlowerDustCollector,residual_mean|fps|ratio|4|fixed,80.47999999999999,95.22,75.68421052631578,83.00996744116074
Eval,BlowerDustCollector,residual_mean|fps|off|0|updated,75.24,89.46,72.3157894736842,78.33466420604933
Eval,BlowerDustCollector,residual_mean|fps|subtractive|4|updated,80.24,94.64,76.05263157894737,82.92387869001263
Eval,BlowerDustCollector,residual_rdp4|all|ratio|1|updated,72.96000000000001,88.78,69.10526315789474,76.06372005169769
Eval,BlowerDustCollector,residual_rdp4|all|ratio|4|updated,78.52,93.84,75.42105263157895,81.85328348022165
Eval,BlowerDustCollector,residual_rdp4|all|off|0|updated,70.88,81.96,69.42105263157895,73.68422448811195
Eval,BlowerDustCollector,residual_rdp4|all|subtractive|4|updated,75.2,89.75999999999999,73.73684210526315,78.94646693984714
Eval,BlowerDustCollector,residual_rdp4|fps|ratio|1|updated,77.02,89.08,75.42105263157895,80.06746501172614
Eval,BlowerDustCollector,residual_rdp4|fps|ratio|1|inherited,77.48,90.25999999999999,71.57894736842105,79.03836742679317
Eval,BlowerDustCollector,residual_rdp4|fps|ratio|1|fixed,78.66,88.66000000000001,75.94736842105263,80.73414577380758
Eval,BlowerDustCollector,residual_rdp4|fps|ratio|4|updated,80.28,93.14,77.36842105263158,83.06085147347419
Eval,BlowerDustCollector,residual_rdp4|fps|ratio|4|inherited,82.42,95.76,77.52631578947368,84.56755706773494
Eval,BlowerDustCollector,residual_rdp4|fps|ratio|4|fixed,82.22,95.7,79.52631578947368,85.260539654961
Eval,BlowerDustCollector,residual_rdp4|fps|off|0|updated,75.02,88.1,72.94736842105263,78.14732442728011
Eval,BlowerDustCollector,residual_rdp4|fps|subtractive|4|updated,79.10000000000001,92.7,76.10526315789473,82.03578413800963
Eval,BlowerDustCollector,crossover|wiener_mean|wiener_mean,76.24,82.76,69.78947368421052,75.8947714911787
Eval,BlowerDustCollector,crossover|wiener_mean|wiener_rdp4,79.56,85.8,73.05263157894737,79.12873423251668
Eval,BlowerDustCollector,crossover|wiener_rdp4|wiener_mean,74.68,82.17999999999999,69.15789473684211,74.96524997389261
Eval,BlowerDustCollector,crossover|wiener_rdp4|wiener_rdp4,78.86,85.52,71.94736842105263,78.38440302633897
Eval,Sander,near_mean|all|ratio|1|updated,71.46000000000001,61.8,52.31578947368421,60.86456827512984
Eval,Sander,near_mean|all|ratio|4|updated,71.7,61.94,52.63157894736842,61.11017944695586
Eval,Sander,near_mean|all|off|0|updated,69.64,48.4,50.8421052631579,54.85517930091083
Eval,Sander,near_mean|all|subtractive|4|updated,70.94,60.24,51.68421052631579,59.94610371366448
Eval,Sander,near_mean|fps|ratio|1|updated,71.08,63.13999999999999,52.473684210526315,61.26994550960302
Eval,Sander,near_mean|fps|ratio|1|inherited,70.78,63.2,52.26315789473684,61.11845899950157
Eval,Sander,near_mean|fps|ratio|1|fixed,67.46,62.36000000000001,52.21052631578947,59.984709371917624
Eval,Sander,near_mean|fps|ratio|4|updated,73.1,62.0,52.578947368421055,61.44023047204884
Eval,Sander,near_mean|fps|ratio|4|inherited,67.94,62.72,52.78947368421053,60.47665567551783
Eval,Sander,near_mean|fps|ratio|4|fixed,70.1,60.919999999999995,52.526315789473685,60.33985598344647
Eval,Sander,near_mean|fps|off|0|updated,69.16,52.0,50.8421052631579,56.223225857126025
Eval,Sander,near_mean|fps|subtractive|4|updated,72.11999999999999,59.06,50.89473684210526,59.46940211465257
Eval,Sander,near_rdp4|all|ratio|1|updated,71.0,61.839999999999996,52.21052631578947,60.718302240935195
Eval,Sander,near_rdp4|all|ratio|4|updated,71.44,61.82,52.73684210526316,61.05524089229984
Eval,Sander,near_rdp4|all|off|0|updated,69.14,48.120000000000005,51.05263157894737,54.71216117909026
Eval,Sander,near_rdp4|all|subtractive|4|updated,71.82,60.040000000000006,51.73684210526316,60.11078772398951
Eval,Sander,near_rdp4|fps|ratio|1|updated,77.72,63.94,51.78947368421053,62.74141556842048
Eval,Sander,near_rdp4|fps|ratio|1|inherited,72.2,62.03999999999999,51.94736842105263,60.95169743246815
Eval,Sander,near_rdp4|fps|ratio|1|fixed,73.48,60.4,52.31578947368421,60.87646912843194
Eval,Sander,near_rdp4|fps|ratio|4|updated,78.96,62.480000000000004,52.26315789473684,62.75664916610309
Eval,Sander,near_rdp4|fps|ratio|4|inherited,70.84,61.7,53.21052631578947,61.07858940020145
Eval,Sander,near_rdp4|fps|ratio|4|fixed,76.2,61.06,52.21052631578947,61.65998653358472
Eval,Sander,near_rdp4|fps|off|0|updated,71.38,50.92,50.63157894736842,56.181148153016345
Eval,Sander,near_rdp4|fps|subtractive|4|updated,77.08,59.86,51.10526315789473,60.91786564950227
Eval,Sander,wiener_mean|all|ratio|1|updated,78.64,70.06,56.47368421052632,67.11857245937742
Eval,Sander,wiener_mean|all|ratio|4|updated,77.74,68.67999999999999,56.315789473684205,66.40006348701569
Eval,Sander,wiener_mean|all|off|0|updated,74.74,52.28,52.31578947368421,58.1145568800752
Eval,Sander,wiener_mean|all|subtractive|4|updated,77.88000000000001,66.32000000000001,54.05263157894738,64.62848300559203
Eval,Sander,wiener_mean|fps|ratio|1|updated,83.08,67.82000000000001,56.57894736842105,67.48257167718863
Eval,Sander,wiener_mean|fps|ratio|1|inherited,69.76,65.06,57.10526315789474,63.536693251430876
Eval,Sander,wiener_mean|fps|ratio|1|fixed,78.8,65.96,57.8421052631579,66.46063452498677
Eval,Sander,wiener_mean|fps|ratio|4|updated,79.52,67.24,57.631578947368425,66.96555502496813
Eval,Sander,wiener_mean|fps|ratio|4|inherited,65.44,66.02,57.42105263157895,62.70468616630333
Eval,Sander,wiener_mean|fps|ratio|4|fixed,76.58,67.60000000000001,59.0,66.96384970198987
Eval,Sander,wiener_mean|fps|off|0|updated,72.94,53.52,52.26315789473684,58.22027603062896
Eval,Sander,wiener_mean|fps|subtractive|4|updated,76.88000000000001,62.419999999999995,54.0,63.096380620040684
Eval,Sander,wiener_rdp4|all|ratio|1|updated,79.25999999999999,69.6,56.15789473684211,66.97705928385072
Eval,Sander,wiener_rdp4|all|ratio|4|updated,77.25999999999999,68.26,56.263157894736835,66.12765767985773
Eval,Sander,wiener_rdp4|all|off|0|updated,74.48,52.300000000000004,52.473684210526315,58.134967901571756
Eval,Sander,wiener_rdp4|all|subtractive|4|updated,77.36,65.06,54.0,64.08130929240073
Eval,Sander,wiener_rdp4|fps|ratio|1|updated,81.42,67.12,56.78947368421052,66.97986355864349
Eval,Sander,wiener_rdp4|fps|ratio|1|inherited,71.34,66.0,56.00000000000001,63.79444299277067
Eval,Sander,wiener_rdp4|fps|ratio|1|fixed,79.94,67.4,56.42105263157895,66.56303853888184
Eval,Sander,wiener_rdp4|fps|ratio|4|updated,77.9,67.10000000000001,57.78947368421052,66.60111700734525
Eval,Sander,wiener_rdp4|fps|ratio|4|inherited,68.64,65.53999999999999,56.73684210526315,63.221976163895185
Eval,Sander,wiener_rdp4|fps|ratio|4|fixed,77.5,66.62,57.99999999999999,66.43765978578628
Eval,Sander,wiener_rdp4|fps|off|0|updated,75.44,54.900000000000006,52.68421052631579,59.46302207261513
Eval,Sander,wiener_rdp4|fps|subtractive|4|updated,76.74,61.58,53.84210526315789,62.70525849670712
Eval,Sander,wiener_rdp4|fps64|ratio|1|updated,73.94,63.18,55.05263157894736,63.13568578298352
Eval,Sander,wiener_rdp4|fps64|ratio|1|inherited,68.30000000000001,64.12,55.89473684210526,62.33401164957437
Eval,Sander,wiener_rdp4|fps64|ratio|1|fixed,75.2,65.42,56.78947368421052,64.94544668311326
Eval,Sander,wiener_rdp4|fps64|ratio|4|updated,76.72,61.660000000000004,55.94736842105264,63.658691593445596
Eval,Sander,wiener_rdp4|fps64|ratio|4|inherited,62.12,63.62,56.684210526315795,60.65777328263338
Eval,Sander,wiener_rdp4|fps64|ratio|4|fixed,72.28,63.13999999999999,56.42105263157895,63.29542958844583
Eval,Sander,wiener_rdp4|fps256|ratio|1|updated,80.92,67.60000000000001,55.736842105263165,66.5302973863104
Eval,Sander,wiener_rdp4|fps256|ratio|1|inherited,74.83999999999999,65.64,56.42105263157895,64.76637484612188
Eval,Sander,wiener_rdp4|fps256|ratio|1|fixed,79.67999999999999,67.36,56.78947368421052,66.65969905289096
Eval,Sander,wiener_rdp4|fps256|ratio|4|updated,79.22,66.47999999999999,56.99999999999999,66.35839129768165
Eval,Sander,wiener_rdp4|fps256|ratio|4|inherited,72.2,65.44,56.57894736842105,64.09433631911809
Eval,Sander,wiener_rdp4|fps256|ratio|4|fixed,77.34,66.4,57.15789473684211,65.95500230327309
Eval,Sander,wiener_rdp4|random_20260613|ratio|1|updated,75.64,67.25999999999999,55.1578947368421,64.9098218910957
Eval,Sander,wiener_rdp4|random_20260613|ratio|4|updated,76.0,65.78,55.26315789473685,64.57817692884453
Eval,Sander,wiener_rdp4|random_20260614|ratio|1|updated,75.64,50.260000000000005,48.89473684210526,56.002376450326096
Eval,Sander,wiener_rdp4|random_20260614|ratio|4|updated,76.36,49.58,48.89473684210526,55.847842589515714
Eval,Sander,wiener_rdp4|random_20260615|ratio|1|updated,78.2,65.60000000000001,55.52631578947368,65.15916606910062
Eval,Sander,wiener_rdp4|random_20260615|ratio|4|updated,79.58,67.86,56.05263157894736,66.45612102023755
Eval,Sander,residual_mean|all|ratio|1|updated,71.12,62.660000000000004,54.26315789473685,61.92129775777241
Eval,Sander,residual_mean|all|ratio|4|updated,72.92,62.36000000000001,54.68421052631579,62.452648518381494
Eval,Sander,residual_mean|all|off|0|updated,68.94,49.58,52.1578947368421,55.71305521012373
Eval,Sander,residual_mean|all|subtractive|4|updated,71.1,63.38,53.84210526315789,61.9637930444457
Eval,Sander,residual_mean|fps|ratio|1|updated,71.26,65.56,54.52631578947369,62.990684742453126
Eval,Sander,residual_mean|fps|ratio|1|inherited,69.52000000000001,67.17999999999999,54.84210526315789,63.15271295849427
Eval,Sander,residual_mean|fps|ratio|1|fixed,66.72,66.4,54.94736842105263,62.179407801790674
Eval,Sander,residual_mean|fps|ratio|4|updated,73.22,65.12,55.21052631578948,63.65882390925667
Eval,Sander,residual_mean|fps|ratio|4|inherited,68.78,66.58,55.89473684210526,63.22523597892463
Eval,Sander,residual_mean|fps|ratio|4|fixed,69.24,64.84,55.47368421052632,62.64138304316611
Eval,Sander,residual_mean|fps|off|0|updated,66.06,52.88,52.31578947368421,56.43002979565942
Eval,Sander,residual_mean|fps|subtractive|4|updated,71.1,63.6,53.315789473684205,61.79942900144868
Eval,Sander,residual_rdp4|all|ratio|1|updated,70.89999999999999,61.68,54.315789473684205,61.56632635187631
Eval,Sander,residual_rdp4|all|ratio|4|updated,71.8,61.519999999999996,54.63157894736842,61.87240159476235
Eval,Sander,residual_rdp4|all|off|0|updated,69.0,49.120000000000005,52.368421052631575,55.610612946866446
Eval,Sander,residual_rdp4|all|subtractive|4|updated,70.67999999999999,62.2,53.89473684210526,61.500448800381115
Eval,Sander,residual_rdp4|fps|ratio|1|updated,77.5,63.75999999999999,54.94736842105263,64.12137053531698
Eval,Sander,residual_rdp4|fps|ratio|1|inherited,71.72,64.66,54.63157894736842,62.875872476142725
Eval,Sander,residual_rdp4|fps|ratio|1|fixed,75.76,62.760000000000005,54.57894736842105,63.21728399794342
Eval,Sander,residual_rdp4|fps|ratio|4|updated,79.34,63.160000000000004,55.57894736842105,64.61449219598666
Eval,Sander,residual_rdp4|fps|ratio|4|inherited,71.41999999999999,65.2,55.47368421052632,63.337013170964305
Eval,Sander,residual_rdp4|fps|ratio|4|fixed,75.36,62.78,56.15789473684211,63.82270686149598
Eval,Sander,residual_rdp4|fps|off|0|updated,72.38,51.980000000000004,52.526315789473685,57.59017822110778
Eval,Sander,residual_rdp4|fps|subtractive|4|updated,77.42,61.18,53.421052631578945,62.524773221036625
Eval,Sander,crossover|wiener_mean|wiener_mean,83.08,67.82000000000001,56.57894736842105,67.48257167718863
Eval,Sander,crossover|wiener_mean|wiener_rdp4,82.19999999999999,67.17999999999999,56.684210526315795,67.12546218268872
Eval,Sander,crossover|wiener_rdp4|wiener_mean,83.39999999999999,68.04,56.315789473684205,67.49968183146966
Eval,Sander,crossover|wiener_rdp4|wiener_rdp4,81.42,67.12,56.78947368421052,66.97986355864349
Eval,SewingMachine,near_mean|all|ratio|1|updated,66.24,62.63999999999999,64.42105263157895,64.40016127053131
Eval,SewingMachine,near_mean|all|ratio|4|updated,66.42,63.339999999999996,66.89473684210526,65.51308734728235
Eval,SewingMachine,near_mean|all|off|0|updated,66.46,58.46,64.42105263157895,62.92575338800458
Eval,SewingMachine,near_mean|all|subtractive|4|updated,65.72,60.24,64.8421052631579,63.50763906740686
Eval,SewingMachine,near_mean|fps|ratio|1|updated,72.54,61.68,62.78947368421053,65.32468738657397
Eval,SewingMachine,near_mean|fps|ratio|1|inherited,73.54,62.46000000000001,60.526315789473685,65.0335618255288
Eval,SewingMachine,near_mean|fps|ratio|1|fixed,71.04,63.62,61.8421052631579,65.26688501004185
Eval,SewingMachine,near_mean|fps|ratio|4|updated,72.02,61.339999999999996,62.68421052631579,65.01867665782301
Eval,SewingMachine,near_mean|fps|ratio|4|inherited,72.42,63.12,60.578947368421055,64.9933561580907
Eval,SewingMachine,near_mean|fps|ratio|4|fixed,74.9,64.48,63.78947368421053,67.3606499623645
Eval,SewingMachine,near_mean|fps|off|0|updated,71.82,58.699999999999996,61.78947368421053,63.63555036754902
Eval,SewingMachine,near_mean|fps|subtractive|4|updated,72.32,60.31999999999999,61.63157894736842,64.33470337022518
Eval,SewingMachine,near_rdp4|all|ratio|1|updated,67.75999999999999,63.239999999999995,64.89473684210526,65.24531036679429
Eval,SewingMachine,near_rdp4|all|ratio|4|updated,66.46,63.92,67.26315789473684,65.84986501624245
Eval,SewingMachine,near_rdp4|all|off|0|updated,66.0,59.199999999999996,64.6842105263158,63.15373271210605
Eval,SewingMachine,near_rdp4|all|subtractive|4|updated,65.16,60.68,64.89473684210526,63.51047382215109
Eval,SewingMachine,near_rdp4|fps|ratio|1|updated,71.0,61.1,62.94736842105263,64.74250953037553
Eval,SewingMachine,near_rdp4|fps|ratio|1|inherited,68.5,63.32,63.21052631578947,64.9189216157071
Eval,SewingMachine,near_rdp4|fps|ratio|1|fixed,71.1,67.0,63.421052631578945,67.02756452572154
Eval,SewingMachine,near_rdp4|fps|ratio|4|updated,68.88,62.2,62.73684210526316,64.46792358421392
Eval,SewingMachine,near_rdp4|fps|ratio|4|inherited,68.2,64.75999999999999,61.63157894736842,64.75308973457474
Eval,SewingMachine,near_rdp4|fps|ratio|4|fixed,67.72,63.9,62.578947368421055,64.6608112890017
Eval,SewingMachine,near_rdp4|fps|off|0|updated,69.06,59.24,62.63157894736842,63.38871655376032
Eval,SewingMachine,near_rdp4|fps|subtractive|4|updated,69.67999999999999,61.1,62.89473684210527,64.35349595299836
Eval,SewingMachine,wiener_mean|all|ratio|1|updated,79.75999999999999,69.04,66.26315789473685,71.23638233767231
Eval,SewingMachine,wiener_mean|all|ratio|4|updated,80.0,68.62,67.63157894736842,71.66916994802544
Eval,SewingMachine,wiener_mean|all|off|0|updated,73.38,60.3,63.10526315789473,65.13529509217426
Eval,SewingMachine,wiener_mean|all|subtractive|4|updated,78.06,64.28,65.05263157894737,68.58747389033174
Eval,SewingMachine,wiener_mean|fps|ratio|1|updated,71.06,63.42,65.21052631578948,66.40773730186764
Eval,SewingMachine,wiener_mean|fps|ratio|1|inherited,70.08,70.28,65.05263157894737,68.38327879183812
Eval,SewingMachine,wiener_mean|fps|ratio|1|fixed,70.74000000000001,67.78,65.3157894736842,67.87311583092865
Eval,SewingMachine,wiener_mean|fps|ratio|4|updated,71.44,65.60000000000001,67.10526315789474,67.95998508026817
Eval,SewingMachine,wiener_mean|fps|ratio|4|inherited,69.69999999999999,71.58,66.10526315789474,69.05286734212633
Eval,SewingMachine,wiener_mean|fps|ratio|4|fixed,71.5,68.30000000000001,66.52631578947367,68.71443628817472
Eval,SewingMachine,wiener_mean|fps|off|0|updated,71.64,60.24,63.68421052631579,64.84884230247326
Eval,SewingMachine,wiener_mean|fps|subtractive|4|updated,71.89999999999999,62.88,64.89473684210526,66.34073627521175
Eval,SewingMachine,wiener_rdp4|all|ratio|1|updated,80.22,70.24000000000001,66.78947368421053,71.98553283736373
Eval,SewingMachine,wiener_rdp4|all|ratio|4|updated,80.14,69.06,67.78947368421052,71.92540785024497
Eval,SewingMachine,wiener_rdp4|all|off|0|updated,74.68,61.68,63.78947368421053,66.25479094627448
Eval,SewingMachine,wiener_rdp4|all|subtractive|4|updated,78.53999999999999,65.16,65.78947368421053,69.31735584641108
Eval,SewingMachine,wiener_rdp4|fps|ratio|1|updated,71.3,63.980000000000004,65.52631578947368,66.79108516340037
Eval,SewingMachine,wiener_rdp4|fps|ratio|1|inherited,72.28,72.16,64.94736842105263,69.62129936685658
Eval,SewingMachine,wiener_rdp4|fps|ratio|1|fixed,72.89999999999999,70.08,64.94736842105263,69.15006019192444
Eval,SewingMachine,wiener_rdp4|fps|ratio|4|updated,71.64,64.82,66.05263157894737,67.37717882165195
Eval,SewingMachine,wiener_rdp4|fps|ratio|4|inherited,71.44,72.11999999999999,65.21052631578948,69.44687644596654
Eval,SewingMachine,wiener_rdp4|fps|ratio|4|fixed,72.11999999999999,67.62,65.21052631578948,68.19847891456034
Eval,SewingMachine,wiener_rdp4|fps|off|0|updated,72.84,61.0,64.05263157894737,65.59624647863747
Eval,SewingMachine,wiener_rdp4|fps|subtractive|4|updated,71.72,61.62,64.57894736842104,65.70801315596154
Eval,SewingMachine,wiener_rdp4|fps64|ratio|1|updated,70.96000000000001,64.0,62.526315789473685,65.6301300008953
Eval,SewingMachine,wiener_rdp4|fps64|ratio|1|inherited,71.84,63.36000000000001,61.78947368421053,65.3785116997105
Eval,SewingMachine,wiener_rdp4|fps64|ratio|1|fixed,72.82,63.339999999999996,61.26315789473684,65.4402767069608
Eval,SewingMachine,wiener_rdp4|fps64|ratio|4|updated,70.5,63.44,61.1578947368421,64.79699750839679
Eval,SewingMachine,wiener_rdp4|fps64|ratio|4|inherited,70.92,64.24,61.26315789473684,65.23150964117865
Eval,SewingMachine,wiener_rdp4|fps64|ratio|4|fixed,70.36,63.22,61.89473684210527,64.95353511090218
Eval,SewingMachine,wiener_rdp4|fps256|ratio|1|updated,72.32,66.24,66.52631578947367,68.25053785614695
Eval,SewingMachine,wiener_rdp4|fps256|ratio|1|inherited,76.4,70.66,64.89473684210526,70.33856828690726
Eval,SewingMachine,wiener_rdp4|fps256|ratio|1|fixed,75.4,69.02000000000001,66.31578947368422,70.04351333300566
Eval,SewingMachine,wiener_rdp4|fps256|ratio|4|updated,73.82,66.24,66.84210526315789,68.80148082742676
Eval,SewingMachine,wiener_rdp4|fps256|ratio|4|inherited,76.62,71.61999999999999,65.26315789473685,70.86070130140499
Eval,SewingMachine,wiener_rdp4|fps256|ratio|4|fixed,75.06,68.46,67.15789473684211,70.0606748736222
Eval,SewingMachine,wiener_rdp4|random_20260613|ratio|1|updated,70.74000000000001,62.839999999999996,59.578947368421055,64.05581306213222
Eval,SewingMachine,wiener_rdp4|random_20260613|ratio|4|updated,71.78,60.88,59.89473684210527,63.7576588241588
Eval,SewingMachine,wiener_rdp4|random_20260614|ratio|1|updated,69.6,61.46,59.0,63.041481892491646
Eval,SewingMachine,wiener_rdp4|random_20260614|ratio|4|updated,69.39999999999999,62.86000000000001,60.0,63.85117551644629
Eval,SewingMachine,wiener_rdp4|random_20260615|ratio|1|updated,71.46000000000001,64.12,60.631578947368425,65.10041404230358
Eval,SewingMachine,wiener_rdp4|random_20260615|ratio|4|updated,71.39999999999999,63.38,60.05263157894737,64.60572990031817
Eval,SewingMachine,residual_mean|all|ratio|1|updated,65.96,63.3,66.78947368421053,65.31549092050201
Eval,SewingMachine,residual_mean|all|ratio|4|updated,66.82000000000001,63.78,67.57894736842105,66.01824549160577
Eval,SewingMachine,residual_mean|all|off|0|updated,65.92,60.3,64.47368421052632,63.47345143548447
Eval,SewingMachine,residual_mean|all|subtractive|4|updated,66.64,62.4,66.73684210526316,65.19489827652106
Eval,SewingMachine,residual_mean|fps|ratio|1|updated,64.34,61.199999999999996,65.8421052631579,63.73466008414928
Eval,SewingMachine,residual_mean|fps|ratio|1|inherited,66.86,68.76,64.78947368421053,66.7637397388484
Eval,SewingMachine,residual_mean|fps|ratio|1|fixed,67.88,69.44,65.36842105263159,67.52086860026228
Eval,SewingMachine,residual_mean|fps|ratio|4|updated,63.42,62.519999999999996,65.78947368421053,63.880377502234175
Eval,SewingMachine,residual_mean|fps|ratio|4|inherited,67.94,69.76,64.42105263157895,67.29987202979476
Eval,SewingMachine,residual_mean|fps|ratio|4|fixed,66.44,66.38,65.21052631578948,66.00529351176237
Eval,SewingMachine,residual_mean|fps|off|0|updated,64.78,60.34,64.42105263157895,63.11471970017076
Eval,SewingMachine,residual_mean|fps|subtractive|4|updated,63.5,61.3,65.05263157894737,63.246555110670485
Eval,SewingMachine,residual_rdp4|all|ratio|1|updated,66.67999999999999,63.7,66.94736842105262,65.7423372281712
Eval,SewingMachine,residual_rdp4|all|ratio|4|updated,67.56,64.58,68.21052631578947,66.74554241141749
Eval,SewingMachine,residual_rdp4|all|off|0|updated,66.25999999999999,61.160000000000004,64.78947368421053,63.99696431729487
Eval,SewingMachine,residual_rdp4|all|subtractive|4|updated,67.22,63.54,67.10526315789474,65.91001479135416
Eval,SewingMachine,residual_rdp4|fps|ratio|1|updated,64.02,61.08,66.36842105263158,63.749088052585954
Eval,SewingMachine,residual_rdp4|fps|ratio|1|inherited,66.94,66.28,64.21052631578948,65.78943161942414
Eval,SewingMachine,residual_rdp4|fps|ratio|1|fixed,65.98,66.4,63.94736842105263,65.4247465651594
Eval,SewingMachine,residual_rdp4|fps|ratio|4|updated,64.02,62.36000000000001,66.26315789473685,64.17471745156827
Eval,SewingMachine,residual_rdp4|fps|ratio|4|inherited,66.42,66.62,64.63157894736841,65.87828487711404
Eval,SewingMachine,residual_rdp4|fps|ratio|4|fixed,66.74,67.04,65.89473684210526,66.55469983112584
Eval,SewingMachine,residual_rdp4|fps|off|0|updated,64.84,60.019999999999996,65.0,63.200063146690596
Eval,SewingMachine,residual_rdp4|fps|subtractive|4|updated,63.580000000000005,60.78,66.0,63.38138136824715
Eval,SewingMachine,crossover|wiener_mean|wiener_mean,71.06,63.42,65.21052631578948,66.40773730186764
Eval,SewingMachine,crossover|wiener_mean|wiener_rdp4,71.1,62.9,65.31578947368422,66.26439396143388
Eval,SewingMachine,crossover|wiener_rdp4|wiener_mean,72.74000000000001,65.46,65.57894736842105,67.76155018354133
Eval,SewingMachine,crossover|wiener_rdp4|wiener_rdp4,71.3,63.980000000000004,65.52631578947368,66.79108516340037
Eval,ToothBrush,near_mean|all|ratio|1|updated,63.080000000000005,46.82,51.526315789473685,52.985898619301395
Eval,ToothBrush,near_mean|all|ratio|4|updated,64.72,48.82,52.368421052631575,54.515659145417885
Eval,ToothBrush,near_mean|all|off|0|updated,59.68,36.04,49.57894736842105,46.38733043913443
Eval,ToothBrush,near_mean|all|subtractive|4|updated,60.540000000000006,40.56,50.31578947368421,49.14221126885155
Eval,ToothBrush,near_mean|fps|ratio|1|updated,69.82000000000001,50.7,50.94736842105263,55.892453805402475
Eval,ToothBrush,near_mean|fps|ratio|1|inherited,67.97999999999999,63.839999999999996,55.736842105263165,62.09145955552708
Eval,ToothBrush,near_mean|fps|ratio|1|fixed,64.28,59.199999999999996,56.368421052631575,59.7737446708671
Eval,ToothBrush,near_mean|fps|ratio|4|updated,70.48,58.199999999999996,52.78947368421053,59.625879422785076
Eval,ToothBrush,near_mean|fps|ratio|4|inherited,65.75999999999999,67.72,55.10526315789473,62.34338054034843
Eval,ToothBrush,near_mean|fps|ratio|4|fixed,67.32000000000001,64.02,55.368421052631575,61.81057790509449
Eval,ToothBrush,near_mean|fps|off|0|updated,62.260000000000005,45.14,50.578947368421055,51.73658193386758
Eval,ToothBrush,near_mean|fps|subtractive|4|updated,63.959999999999994,52.16,50.68421052631579,55.008968860848675
Eval,ToothBrush,near_rdp4|all|ratio|1|updated,63.46000000000001,47.22,51.89473684210526,53.37584249968109
Eval,ToothBrush,near_rdp4|all|ratio|4|updated,65.32,49.26,53.21052631578947,55.144050856419945
Eval,ToothBrush,near_rdp4|all|off|0|updated,61.36000000000001,36.5,49.526315789473685,46.95878606726025
Eval,ToothBrush,near_rdp4|all|subtractive|4|updated,63.06,41.620000000000005,50.0,50.096165235012855
Eval,ToothBrush,near_rdp4|fps|ratio|1|updated,66.72,51.06,51.21052631578947,55.452816745511605
Eval,ToothBrush,near_rdp4|fps|ratio|1|inherited,63.75999999999999,63.54,54.78947368421052,60.39423776002471
Eval,ToothBrush,near_rdp4|fps|ratio|1|fixed,65.10000000000001,63.12,56.94736842105264,61.52092513841608
Eval,ToothBrush,near_rdp4|fps|ratio|4|updated,66.52,54.879999999999995,52.73684210526316,57.452858593497346
Eval,ToothBrush,near_rdp4|fps|ratio|4|inherited,60.38,67.96,55.263157894736835,60.76373761821476
Eval,ToothBrush,near_rdp4|fps|ratio|4|fixed,64.72,62.0,57.684210526315795,61.329660186845544
Eval,ToothBrush,near_rdp4|fps|off|0|updated,64.96,43.6,50.8421052631579,51.72538152825871
Eval,ToothBrush,near_rdp4|fps|subtractive|4|updated,66.46,48.08,51.473684210526315,54.27632651880114
Eval,ToothBrush,wiener_mean|all|ratio|1|updated,63.88,45.0,53.10526315789473,52.90342887396269
Eval,ToothBrush,wiener_mean|all|ratio|4|updated,67.0,48.46,53.1578947368421,55.17461564838244
Eval,ToothBrush,wiener_mean|all|off|0|updated,63.739999999999995,41.099999999999994,53.1578947368421,50.993075771150345
Eval,ToothBrush,wiener_mean|all|subtractive|4|updated,63.080000000000005,45.12,54.368421052631575,53.1829689576919
Eval,ToothBrush,wiener_mean|fps|ratio|1|updated,64.78,52.839999999999996,54.10526315789473,56.77043199608517
Eval,ToothBrush,wiener_mean|fps|ratio|1|inherited,61.6,50.980000000000004,53.368421052631575,54.958166069423484
Eval,ToothBrush,wiener_mean|fps|ratio|1|fixed,60.58,57.64,54.21052631578947,57.35834628300089
Eval,ToothBrush,wiener_mean|fps|ratio|4|updated,64.38000000000001,54.6,55.368421052631575,57.79385931598512
Eval,ToothBrush,wiener_mean|fps|ratio|4|inherited,61.1,57.16,52.89473684210526,56.85389174474774
Eval,ToothBrush,wiener_mean|fps|ratio|4|fixed,61.339999999999996,59.58,53.63157894736842,57.99066669163418
Eval,ToothBrush,wiener_mean|fps|off|0|updated,60.040000000000006,43.62,55.21052631578948,51.99909238206107
Eval,ToothBrush,wiener_mean|fps|subtractive|4|updated,61.019999999999996,53.7,58.47368421052631,57.568586615842854
Eval,ToothBrush,wiener_rdp4|all|ratio|1|updated,65.18,47.52,54.0,54.6404105883626
Eval,ToothBrush,wiener_rdp4|all|ratio|4|updated,68.16,51.25999999999999,54.0,56.927866476582864
Eval,ToothBrush,wiener_rdp4|all|off|0|updated,66.0,40.42,54.421052631578945,51.487133299022126
Eval,ToothBrush,wiener_rdp4|all|subtractive|4|updated,65.68,45.34,55.421052631578945,54.22542620587001
Eval,ToothBrush,wiener_rdp4|fps|ratio|1|updated,67.10000000000001,51.76,56.15789473684211,57.65903935121533
Eval,ToothBrush,wiener_rdp4|fps|ratio|1|inherited,64.0,61.019999999999996,56.368421052631575,60.29726674238145
Eval,ToothBrush,wiener_rdp4|fps|ratio|1|fixed,62.480000000000004,60.6,55.684210526315795,59.44692494951674
Eval,ToothBrush,wiener_rdp4|fps|ratio|4|updated,67.67999999999999,53.94,56.84210526315789,58.930848446680386
Eval,ToothBrush,wiener_rdp4|fps|ratio|4|inherited,62.44,65.02,56.10526315789473,60.95219810660151
Eval,ToothBrush,wiener_rdp4|fps|ratio|4|fixed,62.2,59.88,55.263157894736835,58.970985420149205
Eval,ToothBrush,wiener_rdp4|fps|off|0|updated,66.08000000000001,43.36,55.21052631578948,53.278027781525736
Eval,ToothBrush,wiener_rdp4|fps|subtractive|4|updated,64.24,54.82,60.05263157894737,59.452793578541076
Eval,ToothBrush,wiener_rdp4|fps64|ratio|1|updated,68.46,44.04,52.89473684210526,53.36257811827036
Eval,ToothBrush,wiener_rdp4|fps64|ratio|1|inherited,66.78,51.64,56.42105263157895,57.62221100854317
Eval,ToothBrush,wiener_rdp4|fps64|ratio|1|fixed,66.12,55.44,54.57894736842105,58.27096311226273
Eval,ToothBrush,wiener_rdp4|fps64|ratio|4|updated,67.46,44.78,53.315789473684205,53.656544227235536
Eval,ToothBrush,wiener_rdp4|fps64|ratio|4|inherited,63.080000000000005,51.739999999999995,54.63157894736842,56.090783066271854
Eval,ToothBrush,wiener_rdp4|fps64|ratio|4|fixed,61.86000000000001,51.800000000000004,53.57894736842105,55.417420926840464
Eval,ToothBrush,wiener_rdp4|fps256|ratio|1|updated,68.7,51.739999999999995,55.47368421052632,57.79231898530307
Eval,ToothBrush,wiener_rdp4|fps256|ratio|1|inherited,61.94,50.260000000000005,53.78947368421052,54.91267842556572
Eval,ToothBrush,wiener_rdp4|fps256|ratio|1|fixed,61.53999999999999,52.5,55.21052631578948,56.16957125607501
Eval,ToothBrush,wiener_rdp4|fps256|ratio|4|updated,70.34,54.64,56.99999999999999,59.925533992260725
Eval,ToothBrush,wiener_rdp4|fps256|ratio|4|inherited,64.24,57.58,53.421052631578945,58.0799035411777
Eval,ToothBrush,wiener_rdp4|fps256|ratio|4|fixed,66.52,56.52,56.89473684210527,59.639487561700136
Eval,ToothBrush,wiener_rdp4|random_20260613|ratio|1|updated,67.60000000000001,56.379999999999995,55.315789473684205,59.279509215615036
Eval,ToothBrush,wiener_rdp4|random_20260613|ratio|4|updated,67.75999999999999,57.58,56.00000000000001,60.02130332626025
Eval,ToothBrush,wiener_rdp4|random_20260614|ratio|1|updated,66.06,48.94,53.1578947368421,55.164482043022176
Eval,ToothBrush,wiener_rdp4|random_20260614|ratio|4|updated,66.88,50.5,52.63157894736842,55.80966179487722
Eval,ToothBrush,wiener_rdp4|random_20260615|ratio|1|updated,62.82,41.86,53.94736842105263,51.418960210944284
Eval,ToothBrush,wiener_rdp4|random_20260615|ratio|4|updated,64.53999999999999,44.76,54.368421052631575,53.35356181734748
Eval,ToothBrush,residual_mean|all|ratio|1|updated,62.580000000000005,45.36,50.89473684210526,52.01668815765639
Eval,ToothBrush,residual_mean|all|ratio|4|updated,65.52,50.32,52.57894736842105,55.397213625990226
Eval,ToothBrush,residual_mean|all|off|0|updated,59.56,38.86,50.578947368421055,48.15852587568805
Eval,ToothBrush,residual_mean|all|subtractive|4|updated,61.28,43.16,51.368421052631575,50.88596497167267
Eval,ToothBrush,residual_mean|fps|ratio|1|updated,62.22,58.440000000000005,55.05263157894736,58.424858866926996
Eval,ToothBrush,residual_mean|fps|ratio|1|inherited,58.699999999999996,56.42,50.1578947368421,54.84758764388036
Eval,ToothBrush,residual_mean|fps|ratio|1|fixed,55.50000000000001,59.08,52.21052631578947,55.45548348115021
Eval,ToothBrush,residual_mean|fps|ratio|4|updated,60.86,61.419999999999995,54.57894736842105,58.783674102561825
Eval,ToothBrush,residual_mean|fps|ratio|4|inherited,60.260000000000005,61.760000000000005,51.84210526315789,57.60832582826417
Eval,ToothBrush,residual_mean|fps|ratio|4|fixed,55.24,59.3,53.26315789473684,55.82336919688555
Eval,ToothBrush,residual_mean|fps|off|0|updated,53.28000000000001,41.54,51.21052631578947,48.10067540776706
Eval,ToothBrush,residual_mean|fps|subtractive|4|updated,57.04,51.239999999999995,52.421052631578945,53.453196643041366
Eval,ToothBrush,residual_rdp4|all|ratio|1|updated,62.78,46.160000000000004,51.26315789473684,52.53976826902613
Eval,ToothBrush,residual_rdp4|all|ratio|4|updated,65.8,51.13999999999999,53.05263157894737,55.96916793940038
Eval,ToothBrush,residual_rdp4|all|off|0|updated,60.31999999999999,38.96,50.8421052631579,48.45404343908025
Eval,ToothBrush,residual_rdp4|all|subtractive|4|updated,62.9,44.34,51.31578947368421,51.77910392409804
Eval,ToothBrush,residual_rdp4|fps|ratio|1|updated,68.96,51.54,52.63157894736842,56.70695242930298
Eval,ToothBrush,residual_rdp4|fps|ratio|1|inherited,59.96,49.74,49.21052631578947,52.53647462646498
Eval,ToothBrush,residual_rdp4|fps|ratio|1|fixed,64.72,55.34,50.68421052631579,56.33665629668103
Eval,ToothBrush,residual_rdp4|fps|ratio|4|updated,67.66,54.120000000000005,52.63157894736842,57.40831454405198
Eval,ToothBrush,residual_rdp4|fps|ratio|4|inherited,60.88,54.98,50.473684210526315,55.12021586026592
Eval,ToothBrush,residual_rdp4|fps|ratio|4|fixed,64.3,54.74,52.57894736842105,56.77592742196478
Eval,ToothBrush,residual_rdp4|fps|off|0|updated,54.279999999999994,42.86,50.78947368421053,48.82503453874518
Eval,ToothBrush,residual_rdp4|fps|subtractive|4|updated,58.14,51.38,51.78947368421053,53.59858056634113
Eval,ToothBrush,crossover|wiener_mean|wiener_mean,64.78,52.839999999999996,54.10526315789473,56.77043199608517
Eval,ToothBrush,crossover|wiener_mean|wiener_rdp4,64.16,49.76,55.63157894736842,55.90975418479919
Eval,ToothBrush,crossover|wiener_rdp4|wiener_mean,67.32000000000001,54.74,55.57894736842105,58.69115473738123
Eval,ToothBrush,crossover|wiener_rdp4|wiener_rdp4,67.10000000000001,51.76,56.15789473684211,57.65903935121533
Eval,ToyDrone,near_mean|all|ratio|1|updated,67.80000000000001,58.879999999999995,57.52631578947368,61.07951100621987
Eval,ToyDrone,near_mean|all|ratio|4|updated,64.60000000000001,67.30000000000001,58.8421052631579,63.380258777157486
Eval,ToyDrone,near_mean|all|off|0|updated,79.66,42.92,61.05263157894737,57.436248809923654
Eval,ToyDrone,near_mean|all|subtractive|4|updated,75.74,53.959999999999994,58.78947368421053,61.54457556534136
Eval,ToyDrone,near_mean|fps|ratio|1|updated,56.68,73.36,60.631578947368425,62.80437897871707
Eval,ToyDrone,near_mean|fps|ratio|1|inherited,44.86,70.38,55.315789473684205,54.96702494169331
Eval,ToyDrone,near_mean|fps|ratio|1|fixed,51.35999999999999,68.86,56.736842105263165,58.11942298355069
Eval,ToyDrone,near_mean|fps|ratio|4|updated,47.5,84.1,59.00000000000001,60.12940986380818
Eval,ToyDrone,near_mean|fps|ratio|4|inherited,41.82,77.3,56.315789473684205,54.939396207635816
Eval,ToyDrone,near_mean|fps|ratio|4|fixed,49.78,76.88000000000001,57.05263157894736,59.26119276375228
Eval,ToyDrone,near_mean|fps|off|0|updated,77.28,47.12,61.78947368421053,59.587232294753775
Eval,ToyDrone,near_mean|fps|subtractive|4|updated,68.47999999999999,68.34,62.26315789473684,66.23045126146395
Eval,ToyDrone,near_rdp4|all|ratio|1|updated,71.16,57.16,56.89473684210527,61.07005923035992
Eval,ToyDrone,near_rdp4|all|ratio|4|updated,66.24,66.16,57.94736842105264,63.1997656487176
Eval,ToyDrone,near_rdp4|all|off|0|updated,79.22,40.699999999999996,58.94736842105264,55.39410710653314
Eval,ToyDrone,near_rdp4|all|subtractive|4|updated,78.14,49.7,58.36842105263158,59.93907903929818
Eval,ToyDrone,near_rdp4|fps|ratio|1|updated,69.56,61.480000000000004,58.210526315789465,62.73453056768474
Eval,ToyDrone,near_rdp4|fps|ratio|1|inherited,47.44,72.8,55.736842105263165,56.86451783989367
Eval,ToyDrone,near_rdp4|fps|ratio|1|fixed,61.260000000000005,57.64,56.89473684210527,58.5374455912578
Eval,ToyDrone,near_rdp4|fps|ratio|4|updated,51.5,81.32000000000001,57.73684210526315,61.181366733908874
Eval,ToyDrone,near_rdp4|fps|ratio|4|inherited,45.16,76.0,55.47368421052632,56.25567829093302
Eval,ToyDrone,near_rdp4|fps|ratio|4|fixed,55.7,73.8,58.578947368421055,61.76088153838594
Eval,ToyDrone,near_rdp4|fps|off|0|updated,79.2,42.86,60.31578947368421,57.10212740322655
Eval,ToyDrone,near_rdp4|fps|subtractive|4|updated,72.56,59.84,60.94736842105264,63.965165886314736
Eval,ToyDrone,wiener_mean|all|ratio|1|updated,68.0,68.24,59.31578947368421,64.90842492297335
Eval,ToyDrone,wiener_mean|all|ratio|4|updated,64.02,77.08,61.36842105263158,66.83199650236679
Eval,ToyDrone,wiener_mean|all|off|0|updated,79.24,46.12,63.26315789473684,59.868953430144856
Eval,ToyDrone,wiener_mean|all|subtractive|4|updated,75.7,59.419999999999995,64.10526315789473,65.73363872027072
Eval,ToyDrone,wiener_mean|fps|ratio|1|updated,58.56,74.68,59.36842105263158,63.410280533444954
Eval,ToyDrone,wiener_mean|fps|ratio|1|inherited,51.839999999999996,79.06,57.42105263157895,60.78539575204375
Eval,ToyDrone,wiener_mean|fps|ratio|1|fixed,61.9,73.22,58.631578947368425,64.00926542049791
Eval,ToyDrone,wiener_mean|fps|ratio|4|updated,44.32,87.33999999999999,56.57894736842105,58.04155806657329
Eval,ToyDrone,wiener_mean|fps|ratio|4|inherited,49.16,81.44,57.78947368421052,60.090244638199344
Eval,ToyDrone,wiener_mean|fps|ratio|4|fixed,54.400000000000006,83.56,60.42105263157895,63.96544279168857
Eval,ToyDrone,wiener_mean|fps|off|0|updated,80.72,47.88,63.8421052631579,61.302438312942755
Eval,ToyDrone,wiener_mean|fps|subtractive|4|updated,67.17999999999999,75.92,64.8421052631579,68.99847753888012
Eval,ToyDrone,wiener_rdp4|all|ratio|1|updated,69.6,66.42,59.631578947368425,64.9446796526879
Eval,ToyDrone,wiener_rdp4|all|ratio|4|updated,65.78,76.44,62.526315789473685,67.75433292373249
Eval,ToyDrone,wiener_rdp4|all|off|0|updated,79.22,44.78,62.31578947368421,58.82148770192474
Eval,ToyDrone,wiener_rdp4|all|subtractive|4|updated,77.25999999999999,56.44,63.10526315789473,64.50533980304306
Eval,ToyDrone,wiener_rdp4|fps|ratio|1|updated,70.1,77.22,64.6842105263158,70.29865192725082
Eval,ToyDrone,wiener_rdp4|fps|ratio|1|inherited,54.58,78.24,58.21052631578948,62.135035405701245
Eval,ToyDrone,wiener_rdp4|fps|ratio|1|fixed,64.74,74.4,60.0,65.85601155057753
Eval,ToyDrone,wiener_rdp4|fps|ratio|4|updated,52.400000000000006,87.16000000000001,59.42105263157895,63.30960514748203
Eval,ToyDrone,wiener_rdp4|fps|ratio|4|inherited,50.1,82.67999999999999,59.210526315789465,61.29480100612857
Eval,ToyDrone,wiener_rdp4|fps|ratio|4|fixed,56.74,83.3,61.631578947368425,65.42432956120858
Eval,ToyDrone,wiener_rdp4|fps|off|0|updated,81.94,46.800000000000004,62.63157894736842,60.559619737002
Eval,ToyDrone,wiener_rdp4|fps|subtractive|4|updated,77.10000000000001,64.62,63.421052631578945,67.85351729680231
Eval,ToyDrone,wiener_rdp4|fps64|ratio|1|updated,72.61999999999999,75.14,63.05263157894737,69.8672573060433
Eval,ToyDrone,wiener_rdp4|fps64|ratio|1|inherited,46.739999999999995,81.8,56.73684210526315,58.542157919200456
Eval,ToyDrone,wiener_rdp4|fps64|ratio|1|fixed,66.16,74.5,59.210526315789465,66.04062979694709
Eval,ToyDrone,wiener_rdp4|fps64|ratio|4|updated,52.480000000000004,86.74,58.47368421052631,62.912476874496
Eval,ToyDrone,wiener_rdp4|fps64|ratio|4|inherited,44.12,84.32,57.10526315789474,57.65177281701824
Eval,ToyDrone,wiener_rdp4|fps64|ratio|4|fixed,56.96,82.42,60.94736842105263,65.08050081326971
Eval,ToyDrone,wiener_rdp4|fps256|ratio|1|updated,70.24000000000001,67.96,59.473684210526315,65.55141952722467
Eval,ToyDrone,wiener_rdp4|fps256|ratio|1|inherited,60.099999999999994,74.96000000000001,58.578947368421055,63.76146386488452
Eval,ToyDrone,wiener_rdp4|fps256|ratio|1|fixed,65.60000000000001,68.10000000000001,59.42105263157895,64.16118314456936
Eval,ToyDrone,wiener_rdp4|fps256|ratio|4|updated,55.720000000000006,83.38,61.1578947368421,64.80702229914557
Eval,ToyDrone,wiener_rdp4|fps256|ratio|4|inherited,54.300000000000004,81.06,58.31578947368421,62.629484455106386
Eval,ToyDrone,wiener_rdp4|fps256|ratio|4|fixed,56.34,81.8,60.8421052631579,64.64081796417916
Eval,ToyDrone,wiener_rdp4|random_20260613|ratio|1|updated,69.96,74.22,62.21052631578947,68.42786364124456
Eval,ToyDrone,wiener_rdp4|random_20260613|ratio|4|updated,64.12,80.2,61.68421052631579,67.75650753562981
Eval,ToyDrone,wiener_rdp4|random_20260614|ratio|1|updated,57.58,86.44,62.31578947368421,66.69162882187577
Eval,ToyDrone,wiener_rdp4|random_20260614|ratio|4|updated,50.36000000000001,87.53999999999999,58.89473684210527,62.163508091112874
Eval,ToyDrone,wiener_rdp4|random_20260615|ratio|1|updated,62.82,76.44,57.36842105263158,64.61082781132214
Eval,ToyDrone,wiener_rdp4|random_20260615|ratio|4|updated,49.72,87.44,59.15789473684211,61.91572342254137
Eval,ToyDrone,residual_mean|all|ratio|1|updated,71.12,51.94,57.05263157894736,59.00702750303666
Eval,ToyDrone,residual_mean|all|ratio|4|updated,64.0,62.480000000000004,60.78947368421053,62.39556790216414
Eval,ToyDrone,residual_mean|all|off|0|updated,78.96,43.6,57.36842105263158,56.57003137433614
Eval,ToyDrone,residual_mean|all|subtractive|4|updated,70.04,55.559999999999995,57.631578947368425,60.45009451256488
Eval,ToyDrone,residual_mean|fps|ratio|1|updated,61.040000000000006,59.58,58.631578947368425,59.73416989547342
Eval,ToyDrone,residual_mean|fps|ratio|1|inherited,51.019999999999996,65.38000000000001,56.42105263157895,57.01337194932603
Eval,ToyDrone,residual_mean|fps|ratio|1|fixed,60.56,55.7,55.421052631578945,57.13245836894043
Eval,ToyDrone,residual_mean|fps|ratio|4|updated,52.080000000000005,73.64,60.89473684210527,60.972405405126736
Eval,ToyDrone,residual_mean|fps|ratio|4|inherited,47.36,71.39999999999999,56.263157894736835,56.717114378572354
Eval,ToyDrone,residual_mean|fps|ratio|4|fixed,53.98,67.97999999999999,57.8421052631579,59.377683054183365
Eval,ToyDrone,residual_mean|fps|off|0|updated,79.84,40.46,56.00000000000001,54.44847525962949
Eval,ToyDrone,residual_mean|fps|subtractive|4|updated,66.84,62.72,58.210526315789465,62.390813222219464
Eval,ToyDrone,residual_rdp4|all|ratio|1|updated,72.08,51.35999999999999,55.78947368421052,58.515568624012836
Eval,ToyDrone,residual_rdp4|all|ratio|4|updated,65.98,61.6,59.73684210526316,62.33123525748925
Eval,ToyDrone,residual_rdp4|all|off|0|updated,79.17999999999999,40.62,55.94736842105264,54.42492004077978
Eval,ToyDrone,residual_rdp4|all|subtractive|4|updated,71.08,52.5,56.631578947368425,59.085048351833116
Eval,ToyDrone,residual_rdp4|fps|ratio|1|updated,66.7,56.42,58.15789473684211,60.10664703573667
Eval,ToyDrone,residual_rdp4|fps|ratio|1|inherited,53.6,66.16,57.15789473684211,58.5171914539254
Eval,ToyDrone,residual_rdp4|fps|ratio|1|fixed,65.10000000000001,58.5,57.94736842105264,60.347554538487266
Eval,ToyDrone,residual_rdp4|fps|ratio|4|updated,54.58,73.02,60.578947368421055,61.82508571814274
Eval,ToyDrone,residual_rdp4|fps|ratio|4|inherited,49.24,72.56,57.578947368421055,58.30014399356429
Eval,ToyDrone,residual_rdp4|fps|ratio|4|fixed,55.279999999999994,68.82000000000001,60.89473684210527,61.1718505510602
Eval,ToyDrone,residual_rdp4|fps|off|0|updated,79.34,38.98,54.57894736842105,53.02203749021124
Eval,ToyDrone,residual_rdp4|fps|subtractive|4|updated,72.0,56.8,56.368421052631575,60.932322793896695
Eval,ToyDrone,crossover|wiener_mean|wiener_mean,58.56,74.68,59.36842105263158,63.410280533444954
Eval,ToyDrone,crossover|wiener_mean|wiener_rdp4,69.22,78.06,65.10526315789474,70.39429241789978
Eval,ToyDrone,crossover|wiener_rdp4|wiener_mean,60.24,75.86,60.0,64.58681344276717
Eval,ToyDrone,crossover|wiener_rdp4|wiener_rdp4,70.1,77.22,64.6842105263158,70.29865192725082
